PARAMETER,Scenario,REGION,TECHNOLOGY,FUEL,EMISSION,MODE_OF_OPERATION,YEAR,TIMESLICE,SEASON,DAYTYPE,DAILYTIMEBRACKET,STORAGE,Value
AvailabilityFactor,BAU,ECU,IMP_ELE,,,,2010,,,,,,1.0
AvailabilityFactor,BAU,ECU,IMP_ELE,,,,2011,,,,,,1.0
AvailabilityFactor,BAU,ECU,IMP_ELE,,,,2012,,,,,,1.0
AvailabilityFactor,BAU,ECU,IMP_ELE,,,,2013,,,,,,1.0
AvailabilityFactor,BAU,ECU,IMP_ELE,,,,2014,,,,,,1.0
AvailabilityFactor,BAU,ECU,IMP_ELE,,,,2015,,,,,,1.0
AvailabilityFactor,BAU,ECU,IMP_ELE,,,,2016,,,,,,1.0
AvailabilityFactor,BAU,ECU,IMP_ELE,,,,2017,,,,,,1.0
AvailabilityFactor,BAU,ECU,IMP_ELE,,,,2018,,,,,,1.0
AvailabilityFactor,BAU,ECU,IMP_ELE,,,,2019,,,,,,1.0
AvailabilityFactor,BAU,ECU,IMP_ELE,,,,2020,,,,,,1.0
AvailabilityFactor,BAU,ECU,IMP_ELE,,,,2021,,,,,,1.0
AvailabilityFactor,BAU,ECU,IMP_ELE,,,,2022,,,,,,1.0
AvailabilityFactor,BAU,ECU,IMP_ELE,,,,2023,,,,,,1.0
AvailabilityFactor,BAU,ECU,IMP_ELE,,,,2024,,,,,,1.0
AvailabilityFactor,BAU,ECU,IMP_ELE,,,,2025,,,,,,1.0
AvailabilityFactor,BAU,ECU,IMP_ELE,,,,2026,,,,,,1.0
AvailabilityFactor,BAU,ECU,IMP_ELE,,,,2027,,,,,,1.0
AvailabilityFactor,BAU,ECU,IMP_ELE,,,,2028,,,,,,1.0
AvailabilityFactor,BAU,ECU,IMP_ELE,,,,2029,,,,,,1.0
AvailabilityFactor,BAU,ECU,IMP_ELE,,,,2030,,,,,,1.0
AvailabilityFactor,BAU,ECU,IMP_ELE,,,,2031,,,,,,1.0
AvailabilityFactor,BAU,ECU,IMP_ELE,,,,2032,,,,,,1.0
AvailabilityFactor,BAU,ECU,IMP_ELE,,,,2033,,,,,,1.0
AvailabilityFactor,BAU,ECU,IMP_ELE,,,,2034,,,,,,1.0
AvailabilityFactor,BAU,ECU,IMP_ELE,,,,2035,,,,,,1.0
AvailabilityFactor,BAU,ECU,SOIALL,,,,2010,,,,,,1.0
AvailabilityFactor,BAU,ECU,SOIALL,,,,2011,,,,,,1.0
AvailabilityFactor,BAU,ECU,SOIALL,,,,2012,,,,,,1.0
AvailabilityFactor,BAU,ECU,SOIALL,,,,2013,,,,,,1.0
AvailabilityFactor,BAU,ECU,SOIALL,,,,2014,,,,,,1.0
AvailabilityFactor,BAU,ECU,SOIALL,,,,2015,,,,,,1.0
AvailabilityFactor,BAU,ECU,SOIALL,,,,2016,,,,,,1.0
AvailabilityFactor,BAU,ECU,SOIALL,,,,2017,,,,,,1.0
AvailabilityFactor,BAU,ECU,SOIALL,,,,2018,,,,,,1.0
AvailabilityFactor,BAU,ECU,SOIALL,,,,2019,,,,,,1.0
AvailabilityFactor,BAU,ECU,SOIALL,,,,2020,,,,,,1.0
AvailabilityFactor,BAU,ECU,SOIALL,,,,2021,,,,,,1.0
AvailabilityFactor,BAU,ECU,SOIALL,,,,2022,,,,,,1.0
AvailabilityFactor,BAU,ECU,SOIALL,,,,2023,,,,,,1.0
AvailabilityFactor,BAU,ECU,SOIALL,,,,2024,,,,,,1.0
AvailabilityFactor,BAU,ECU,SOIALL,,,,2025,,,,,,1.0
AvailabilityFactor,BAU,ECU,SOIALL,,,,2026,,,,,,1.0
AvailabilityFactor,BAU,ECU,SOIALL,,,,2027,,,,,,1.0
AvailabilityFactor,BAU,ECU,SOIALL,,,,2028,,,,,,1.0
AvailabilityFactor,BAU,ECU,SOIALL,,,,2029,,,,,,1.0
AvailabilityFactor,BAU,ECU,SOIALL,,,,2030,,,,,,1.0
AvailabilityFactor,BAU,ECU,SOIALL,,,,2031,,,,,,1.0
AvailabilityFactor,BAU,ECU,SOIALL,,,,2032,,,,,,1.0
AvailabilityFactor,BAU,ECU,SOIALL,,,,2033,,,,,,1.0
AvailabilityFactor,BAU,ECU,SOIALL,,,,2034,,,,,,1.0
AvailabilityFactor,BAU,ECU,SOIALL,,,,2035,,,,,,1.0
AvailabilityFactor,BAU,ECU,IMPARR,,,,2010,,,,,,1.0
AvailabilityFactor,BAU,ECU,IMPARR,,,,2011,,,,,,1.0
AvailabilityFactor,BAU,ECU,IMPARR,,,,2012,,,,,,1.0
AvailabilityFactor,BAU,ECU,IMPARR,,,,2013,,,,,,1.0
AvailabilityFactor,BAU,ECU,IMPARR,,,,2014,,,,,,1.0
AvailabilityFactor,BAU,ECU,IMPARR,,,,2015,,,,,,1.0
AvailabilityFactor,BAU,ECU,IMPARR,,,,2016,,,,,,1.0
AvailabilityFactor,BAU,ECU,IMPARR,,,,2017,,,,,,1.0
AvailabilityFactor,BAU,ECU,IMPARR,,,,2018,,,,,,1.0
AvailabilityFactor,BAU,ECU,IMPARR,,,,2019,,,,,,1.0
AvailabilityFactor,BAU,ECU,IMPARR,,,,2020,,,,,,1.0
AvailabilityFactor,BAU,ECU,IMPARR,,,,2021,,,,,,1.0
AvailabilityFactor,BAU,ECU,IMPARR,,,,2022,,,,,,1.0
AvailabilityFactor,BAU,ECU,IMPARR,,,,2023,,,,,,1.0
AvailabilityFactor,BAU,ECU,IMPARR,,,,2024,,,,,,1.0
AvailabilityFactor,BAU,ECU,IMPARR,,,,2025,,,,,,1.0
AvailabilityFactor,BAU,ECU,IMPARR,,,,2026,,,,,,1.0
AvailabilityFactor,BAU,ECU,IMPARR,,,,2027,,,,,,1.0
AvailabilityFactor,BAU,ECU,IMPARR,,,,2028,,,,,,1.0
AvailabilityFactor,BAU,ECU,IMPARR,,,,2029,,,,,,1.0
AvailabilityFactor,BAU,ECU,IMPARR,,,,2030,,,,,,1.0
AvailabilityFactor,BAU,ECU,IMPARR,,,,2031,,,,,,1.0
AvailabilityFactor,BAU,ECU,IMPARR,,,,2032,,,,,,1.0
AvailabilityFactor,BAU,ECU,IMPARR,,,,2033,,,,,,1.0
AvailabilityFactor,BAU,ECU,IMPARR,,,,2034,,,,,,1.0
AvailabilityFactor,BAU,ECU,IMPARR,,,,2035,,,,,,1.0
AvailabilityFactor,BAU,ECU,IMPBAN,,,,2010,,,,,,1.0
AvailabilityFactor,BAU,ECU,IMPBAN,,,,2011,,,,,,1.0
AvailabilityFactor,BAU,ECU,IMPBAN,,,,2012,,,,,,1.0
AvailabilityFactor,BAU,ECU,IMPBAN,,,,2013,,,,,,1.0
AvailabilityFactor,BAU,ECU,IMPBAN,,,,2014,,,,,,1.0
AvailabilityFactor,BAU,ECU,IMPBAN,,,,2015,,,,,,1.0
AvailabilityFactor,BAU,ECU,IMPBAN,,,,2016,,,,,,1.0
AvailabilityFactor,BAU,ECU,IMPBAN,,,,2017,,,,,,1.0
AvailabilityFactor,BAU,ECU,IMPBAN,,,,2018,,,,,,1.0
AvailabilityFactor,BAU,ECU,IMPBAN,,,,2019,,,,,,1.0
AvailabilityFactor,BAU,ECU,IMPBAN,,,,2020,,,,,,1.0
AvailabilityFactor,BAU,ECU,IMPBAN,,,,2021,,,,,,1.0
AvailabilityFactor,BAU,ECU,IMPBAN,,,,2022,,,,,,1.0
AvailabilityFactor,BAU,ECU,IMPBAN,,,,2023,,,,,,1.0
AvailabilityFactor,BAU,ECU,IMPBAN,,,,2024,,,,,,1.0
AvailabilityFactor,BAU,ECU,IMPBAN,,,,2025,,,,,,1.0
AvailabilityFactor,BAU,ECU,IMPBAN,,,,2026,,,,,,1.0
AvailabilityFactor,BAU,ECU,IMPBAN,,,,2027,,,,,,1.0
AvailabilityFactor,BAU,ECU,IMPBAN,,,,2028,,,,,,1.0
AvailabilityFactor,BAU,ECU,IMPBAN,,,,2029,,,,,,1.0
AvailabilityFactor,BAU,ECU,IMPBAN,,,,2030,,,,,,1.0
AvailabilityFactor,BAU,ECU,IMPBAN,,,,2031,,,,,,1.0
AvailabilityFactor,BAU,ECU,IMPBAN,,,,2032,,,,,,1.0
AvailabilityFactor,BAU,ECU,IMPBAN,,,,2033,,,,,,1.0
AvailabilityFactor,BAU,ECU,IMPBAN,,,,2034,,,,,,1.0
AvailabilityFactor,BAU,ECU,IMPBAN,,,,2035,,,,,,1.0
AvailabilityFactor,BAU,ECU,IMPCOC,,,,2010,,,,,,1.0
AvailabilityFactor,BAU,ECU,IMPCOC,,,,2011,,,,,,1.0
AvailabilityFactor,BAU,ECU,IMPCOC,,,,2012,,,,,,1.0
AvailabilityFactor,BAU,ECU,IMPCOC,,,,2013,,,,,,1.0
AvailabilityFactor,BAU,ECU,IMPCOC,,,,2014,,,,,,1.0
AvailabilityFactor,BAU,ECU,IMPCOC,,,,2015,,,,,,1.0
AvailabilityFactor,BAU,ECU,IMPCOC,,,,2016,,,,,,1.0
AvailabilityFactor,BAU,ECU,IMPCOC,,,,2017,,,,,,1.0
AvailabilityFactor,BAU,ECU,IMPCOC,,,,2018,,,,,,1.0
AvailabilityFactor,BAU,ECU,IMPCOC,,,,2019,,,,,,1.0
AvailabilityFactor,BAU,ECU,IMPCOC,,,,2020,,,,,,1.0
AvailabilityFactor,BAU,ECU,IMPCOC,,,,2021,,,,,,1.0
AvailabilityFactor,BAU,ECU,IMPCOC,,,,2022,,,,,,1.0
AvailabilityFactor,BAU,ECU,IMPCOC,,,,2023,,,,,,1.0
AvailabilityFactor,BAU,ECU,IMPCOC,,,,2024,,,,,,1.0
AvailabilityFactor,BAU,ECU,IMPCOC,,,,2025,,,,,,1.0
AvailabilityFactor,BAU,ECU,IMPCOC,,,,2026,,,,,,1.0
AvailabilityFactor,BAU,ECU,IMPCOC,,,,2027,,,,,,1.0
AvailabilityFactor,BAU,ECU,IMPCOC,,,,2028,,,,,,1.0
AvailabilityFactor,BAU,ECU,IMPCOC,,,,2029,,,,,,1.0
AvailabilityFactor,BAU,ECU,IMPCOC,,,,2030,,,,,,1.0
AvailabilityFactor,BAU,ECU,IMPCOC,,,,2031,,,,,,1.0
AvailabilityFactor,BAU,ECU,IMPCOC,,,,2032,,,,,,1.0
AvailabilityFactor,BAU,ECU,IMPCOC,,,,2033,,,,,,1.0
AvailabilityFactor,BAU,ECU,IMPCOC,,,,2034,,,,,,1.0
AvailabilityFactor,BAU,ECU,IMPCOC,,,,2035,,,,,,1.0
AvailabilityFactor,BAU,ECU,IMPCOF,,,,2010,,,,,,1.0
AvailabilityFactor,BAU,ECU,IMPCOF,,,,2011,,,,,,1.0
AvailabilityFactor,BAU,ECU,IMPCOF,,,,2012,,,,,,1.0
AvailabilityFactor,BAU,ECU,IMPCOF,,,,2013,,,,,,1.0
AvailabilityFactor,BAU,ECU,IMPCOF,,,,2014,,,,,,1.0
AvailabilityFactor,BAU,ECU,IMPCOF,,,,2015,,,,,,1.0
AvailabilityFactor,BAU,ECU,IMPCOF,,,,2016,,,,,,1.0
AvailabilityFactor,BAU,ECU,IMPCOF,,,,2017,,,,,,1.0
AvailabilityFactor,BAU,ECU,IMPCOF,,,,2018,,,,,,1.0
AvailabilityFactor,BAU,ECU,IMPCOF,,,,2019,,,,,,1.0
AvailabilityFactor,BAU,ECU,IMPCOF,,,,2020,,,,,,1.0
AvailabilityFactor,BAU,ECU,IMPCOF,,,,2021,,,,,,1.0
AvailabilityFactor,BAU,ECU,IMPCOF,,,,2022,,,,,,1.0
AvailabilityFactor,BAU,ECU,IMPCOF,,,,2023,,,,,,1.0
AvailabilityFactor,BAU,ECU,IMPCOF,,,,2024,,,,,,1.0
AvailabilityFactor,BAU,ECU,IMPCOF,,,,2025,,,,,,1.0
AvailabilityFactor,BAU,ECU,IMPCOF,,,,2026,,,,,,1.0
AvailabilityFactor,BAU,ECU,IMPCOF,,,,2027,,,,,,1.0
AvailabilityFactor,BAU,ECU,IMPCOF,,,,2028,,,,,,1.0
AvailabilityFactor,BAU,ECU,IMPCOF,,,,2029,,,,,,1.0
AvailabilityFactor,BAU,ECU,IMPCOF,,,,2030,,,,,,1.0
AvailabilityFactor,BAU,ECU,IMPCOF,,,,2031,,,,,,1.0
AvailabilityFactor,BAU,ECU,IMPCOF,,,,2032,,,,,,1.0
AvailabilityFactor,BAU,ECU,IMPCOF,,,,2033,,,,,,1.0
AvailabilityFactor,BAU,ECU,IMPCOF,,,,2034,,,,,,1.0
AvailabilityFactor,BAU,ECU,IMPCOF,,,,2035,,,,,,1.0
AvailabilityFactor,BAU,ECU,IMPSUG,,,,2010,,,,,,1.0
AvailabilityFactor,BAU,ECU,IMPSUG,,,,2011,,,,,,1.0
AvailabilityFactor,BAU,ECU,IMPSUG,,,,2012,,,,,,1.0
AvailabilityFactor,BAU,ECU,IMPSUG,,,,2013,,,,,,1.0
AvailabilityFactor,BAU,ECU,IMPSUG,,,,2014,,,,,,1.0
AvailabilityFactor,BAU,ECU,IMPSUG,,,,2015,,,,,,1.0
AvailabilityFactor,BAU,ECU,IMPSUG,,,,2016,,,,,,1.0
AvailabilityFactor,BAU,ECU,IMPSUG,,,,2017,,,,,,1.0
AvailabilityFactor,BAU,ECU,IMPSUG,,,,2018,,,,,,1.0
AvailabilityFactor,BAU,ECU,IMPSUG,,,,2019,,,,,,1.0
AvailabilityFactor,BAU,ECU,IMPSUG,,,,2020,,,,,,1.0
AvailabilityFactor,BAU,ECU,IMPSUG,,,,2021,,,,,,1.0
AvailabilityFactor,BAU,ECU,IMPSUG,,,,2022,,,,,,1.0
AvailabilityFactor,BAU,ECU,IMPSUG,,,,2023,,,,,,1.0
AvailabilityFactor,BAU,ECU,IMPSUG,,,,2024,,,,,,1.0
AvailabilityFactor,BAU,ECU,IMPSUG,,,,2025,,,,,,1.0
AvailabilityFactor,BAU,ECU,IMPSUG,,,,2026,,,,,,1.0
AvailabilityFactor,BAU,ECU,IMPSUG,,,,2027,,,,,,1.0
AvailabilityFactor,BAU,ECU,IMPSUG,,,,2028,,,,,,1.0
AvailabilityFactor,BAU,ECU,IMPSUG,,,,2029,,,,,,1.0
AvailabilityFactor,BAU,ECU,IMPSUG,,,,2030,,,,,,1.0
AvailabilityFactor,BAU,ECU,IMPSUG,,,,2031,,,,,,1.0
AvailabilityFactor,BAU,ECU,IMPSUG,,,,2032,,,,,,1.0
AvailabilityFactor,BAU,ECU,IMPSUG,,,,2033,,,,,,1.0
AvailabilityFactor,BAU,ECU,IMPSUG,,,,2034,,,,,,1.0
AvailabilityFactor,BAU,ECU,IMPSUG,,,,2035,,,,,,1.0
AvailabilityFactor,BAU,ECU,IMPMAI,,,,2010,,,,,,1.0
AvailabilityFactor,BAU,ECU,IMPMAI,,,,2011,,,,,,1.0
AvailabilityFactor,BAU,ECU,IMPMAI,,,,2012,,,,,,1.0
AvailabilityFactor,BAU,ECU,IMPMAI,,,,2013,,,,,,1.0
AvailabilityFactor,BAU,ECU,IMPMAI,,,,2014,,,,,,1.0
AvailabilityFactor,BAU,ECU,IMPMAI,,,,2015,,,,,,1.0
AvailabilityFactor,BAU,ECU,IMPMAI,,,,2016,,,,,,1.0
AvailabilityFactor,BAU,ECU,IMPMAI,,,,2017,,,,,,1.0
AvailabilityFactor,BAU,ECU,IMPMAI,,,,2018,,,,,,1.0
AvailabilityFactor,BAU,ECU,IMPMAI,,,,2019,,,,,,1.0
AvailabilityFactor,BAU,ECU,IMPMAI,,,,2020,,,,,,1.0
AvailabilityFactor,BAU,ECU,IMPMAI,,,,2021,,,,,,1.0
AvailabilityFactor,BAU,ECU,IMPMAI,,,,2022,,,,,,1.0
AvailabilityFactor,BAU,ECU,IMPMAI,,,,2023,,,,,,1.0
AvailabilityFactor,BAU,ECU,IMPMAI,,,,2024,,,,,,1.0
AvailabilityFactor,BAU,ECU,IMPMAI,,,,2025,,,,,,1.0
AvailabilityFactor,BAU,ECU,IMPMAI,,,,2026,,,,,,1.0
AvailabilityFactor,BAU,ECU,IMPMAI,,,,2027,,,,,,1.0
AvailabilityFactor,BAU,ECU,IMPMAI,,,,2028,,,,,,1.0
AvailabilityFactor,BAU,ECU,IMPMAI,,,,2029,,,,,,1.0
AvailabilityFactor,BAU,ECU,IMPMAI,,,,2030,,,,,,1.0
AvailabilityFactor,BAU,ECU,IMPMAI,,,,2031,,,,,,1.0
AvailabilityFactor,BAU,ECU,IMPMAI,,,,2032,,,,,,1.0
AvailabilityFactor,BAU,ECU,IMPMAI,,,,2033,,,,,,1.0
AvailabilityFactor,BAU,ECU,IMPMAI,,,,2034,,,,,,1.0
AvailabilityFactor,BAU,ECU,IMPMAI,,,,2035,,,,,,1.0
AvailabilityFactor,BAU,ECU,IMPSOY,,,,2010,,,,,,1.0
AvailabilityFactor,BAU,ECU,IMPSOY,,,,2011,,,,,,1.0
AvailabilityFactor,BAU,ECU,IMPSOY,,,,2012,,,,,,1.0
AvailabilityFactor,BAU,ECU,IMPSOY,,,,2013,,,,,,1.0
AvailabilityFactor,BAU,ECU,IMPSOY,,,,2014,,,,,,1.0
AvailabilityFactor,BAU,ECU,IMPSOY,,,,2015,,,,,,1.0
AvailabilityFactor,BAU,ECU,IMPSOY,,,,2016,,,,,,1.0
AvailabilityFactor,BAU,ECU,IMPSOY,,,,2017,,,,,,1.0
AvailabilityFactor,BAU,ECU,IMPSOY,,,,2018,,,,,,1.0
AvailabilityFactor,BAU,ECU,IMPSOY,,,,2019,,,,,,1.0
AvailabilityFactor,BAU,ECU,IMPSOY,,,,2020,,,,,,1.0
AvailabilityFactor,BAU,ECU,IMPSOY,,,,2021,,,,,,1.0
AvailabilityFactor,BAU,ECU,IMPSOY,,,,2022,,,,,,1.0
AvailabilityFactor,BAU,ECU,IMPSOY,,,,2023,,,,,,1.0
AvailabilityFactor,BAU,ECU,IMPSOY,,,,2024,,,,,,1.0
AvailabilityFactor,BAU,ECU,IMPSOY,,,,2025,,,,,,1.0
AvailabilityFactor,BAU,ECU,IMPSOY,,,,2026,,,,,,1.0
AvailabilityFactor,BAU,ECU,IMPSOY,,,,2027,,,,,,1.0
AvailabilityFactor,BAU,ECU,IMPSOY,,,,2028,,,,,,1.0
AvailabilityFactor,BAU,ECU,IMPSOY,,,,2029,,,,,,1.0
AvailabilityFactor,BAU,ECU,IMPSOY,,,,2030,,,,,,1.0
AvailabilityFactor,BAU,ECU,IMPSOY,,,,2031,,,,,,1.0
AvailabilityFactor,BAU,ECU,IMPSOY,,,,2032,,,,,,1.0
AvailabilityFactor,BAU,ECU,IMPSOY,,,,2033,,,,,,1.0
AvailabilityFactor,BAU,ECU,IMPSOY,,,,2034,,,,,,1.0
AvailabilityFactor,BAU,ECU,IMPSOY,,,,2035,,,,,,1.0
AvailabilityFactor,BAU,ECU,IMPPAF,,,,2010,,,,,,1.0
AvailabilityFactor,BAU,ECU,IMPPAF,,,,2011,,,,,,1.0
AvailabilityFactor,BAU,ECU,IMPPAF,,,,2012,,,,,,1.0
AvailabilityFactor,BAU,ECU,IMPPAF,,,,2013,,,,,,1.0
AvailabilityFactor,BAU,ECU,IMPPAF,,,,2014,,,,,,1.0
AvailabilityFactor,BAU,ECU,IMPPAF,,,,2015,,,,,,1.0
AvailabilityFactor,BAU,ECU,IMPPAF,,,,2016,,,,,,1.0
AvailabilityFactor,BAU,ECU,IMPPAF,,,,2017,,,,,,1.0
AvailabilityFactor,BAU,ECU,IMPPAF,,,,2018,,,,,,1.0
AvailabilityFactor,BAU,ECU,IMPPAF,,,,2019,,,,,,1.0
AvailabilityFactor,BAU,ECU,IMPPAF,,,,2020,,,,,,1.0
AvailabilityFactor,BAU,ECU,IMPPAF,,,,2021,,,,,,1.0
AvailabilityFactor,BAU,ECU,IMPPAF,,,,2022,,,,,,1.0
AvailabilityFactor,BAU,ECU,IMPPAF,,,,2023,,,,,,1.0
AvailabilityFactor,BAU,ECU,IMPPAF,,,,2024,,,,,,1.0
AvailabilityFactor,BAU,ECU,IMPPAF,,,,2025,,,,,,1.0
AvailabilityFactor,BAU,ECU,IMPPAF,,,,2026,,,,,,1.0
AvailabilityFactor,BAU,ECU,IMPPAF,,,,2027,,,,,,1.0
AvailabilityFactor,BAU,ECU,IMPPAF,,,,2028,,,,,,1.0
AvailabilityFactor,BAU,ECU,IMPPAF,,,,2029,,,,,,1.0
AvailabilityFactor,BAU,ECU,IMPPAF,,,,2030,,,,,,1.0
AvailabilityFactor,BAU,ECU,IMPPAF,,,,2031,,,,,,1.0
AvailabilityFactor,BAU,ECU,IMPPAF,,,,2032,,,,,,1.0
AvailabilityFactor,BAU,ECU,IMPPAF,,,,2033,,,,,,1.0
AvailabilityFactor,BAU,ECU,IMPPAF,,,,2034,,,,,,1.0
AvailabilityFactor,BAU,ECU,IMPPAF,,,,2035,,,,,,1.0
AvailabilityFactor,BAU,ECU,IMPPAL,,,,2010,,,,,,1.0
AvailabilityFactor,BAU,ECU,IMPPAL,,,,2011,,,,,,1.0
AvailabilityFactor,BAU,ECU,IMPPAL,,,,2012,,,,,,1.0
AvailabilityFactor,BAU,ECU,IMPPAL,,,,2013,,,,,,1.0
AvailabilityFactor,BAU,ECU,IMPPAL,,,,2014,,,,,,1.0
AvailabilityFactor,BAU,ECU,IMPPAL,,,,2015,,,,,,1.0
AvailabilityFactor,BAU,ECU,IMPPAL,,,,2016,,,,,,1.0
AvailabilityFactor,BAU,ECU,IMPPAL,,,,2017,,,,,,1.0
AvailabilityFactor,BAU,ECU,IMPPAL,,,,2018,,,,,,1.0
AvailabilityFactor,BAU,ECU,IMPPAL,,,,2019,,,,,,1.0
AvailabilityFactor,BAU,ECU,IMPPAL,,,,2020,,,,,,1.0
AvailabilityFactor,BAU,ECU,IMPPAL,,,,2021,,,,,,1.0
AvailabilityFactor,BAU,ECU,IMPPAL,,,,2022,,,,,,1.0
AvailabilityFactor,BAU,ECU,IMPPAL,,,,2023,,,,,,1.0
AvailabilityFactor,BAU,ECU,IMPPAL,,,,2024,,,,,,1.0
AvailabilityFactor,BAU,ECU,IMPPAL,,,,2025,,,,,,1.0
AvailabilityFactor,BAU,ECU,IMPPAL,,,,2026,,,,,,1.0
AvailabilityFactor,BAU,ECU,IMPPAL,,,,2027,,,,,,1.0
AvailabilityFactor,BAU,ECU,IMPPAL,,,,2028,,,,,,1.0
AvailabilityFactor,BAU,ECU,IMPPAL,,,,2029,,,,,,1.0
AvailabilityFactor,BAU,ECU,IMPPAL,,,,2030,,,,,,1.0
AvailabilityFactor,BAU,ECU,IMPPAL,,,,2031,,,,,,1.0
AvailabilityFactor,BAU,ECU,IMPPAL,,,,2032,,,,,,1.0
AvailabilityFactor,BAU,ECU,IMPPAL,,,,2033,,,,,,1.0
AvailabilityFactor,BAU,ECU,IMPPAL,,,,2034,,,,,,1.0
AvailabilityFactor,BAU,ECU,IMPPAL,,,,2035,,,,,,1.0
AvailabilityFactor,BAU,ECU,IMPLEG,,,,2010,,,,,,1.0
AvailabilityFactor,BAU,ECU,IMPLEG,,,,2011,,,,,,1.0
AvailabilityFactor,BAU,ECU,IMPLEG,,,,2012,,,,,,1.0
AvailabilityFactor,BAU,ECU,IMPLEG,,,,2013,,,,,,1.0
AvailabilityFactor,BAU,ECU,IMPLEG,,,,2014,,,,,,1.0
AvailabilityFactor,BAU,ECU,IMPLEG,,,,2015,,,,,,1.0
AvailabilityFactor,BAU,ECU,IMPLEG,,,,2016,,,,,,1.0
AvailabilityFactor,BAU,ECU,IMPLEG,,,,2017,,,,,,1.0
AvailabilityFactor,BAU,ECU,IMPLEG,,,,2018,,,,,,1.0
AvailabilityFactor,BAU,ECU,IMPLEG,,,,2019,,,,,,1.0
AvailabilityFactor,BAU,ECU,IMPLEG,,,,2020,,,,,,1.0
AvailabilityFactor,BAU,ECU,IMPLEG,,,,2021,,,,,,1.0
AvailabilityFactor,BAU,ECU,IMPLEG,,,,2022,,,,,,1.0
AvailabilityFactor,BAU,ECU,IMPLEG,,,,2023,,,,,,1.0
AvailabilityFactor,BAU,ECU,IMPLEG,,,,2024,,,,,,1.0
AvailabilityFactor,BAU,ECU,IMPLEG,,,,2025,,,,,,1.0
AvailabilityFactor,BAU,ECU,IMPLEG,,,,2026,,,,,,1.0
AvailabilityFactor,BAU,ECU,IMPLEG,,,,2027,,,,,,1.0
AvailabilityFactor,BAU,ECU,IMPLEG,,,,2028,,,,,,1.0
AvailabilityFactor,BAU,ECU,IMPLEG,,,,2029,,,,,,1.0
AvailabilityFactor,BAU,ECU,IMPLEG,,,,2030,,,,,,1.0
AvailabilityFactor,BAU,ECU,IMPLEG,,,,2031,,,,,,1.0
AvailabilityFactor,BAU,ECU,IMPLEG,,,,2032,,,,,,1.0
AvailabilityFactor,BAU,ECU,IMPLEG,,,,2033,,,,,,1.0
AvailabilityFactor,BAU,ECU,IMPLEG,,,,2034,,,,,,1.0
AvailabilityFactor,BAU,ECU,IMPLEG,,,,2035,,,,,,1.0
AvailabilityFactor,BAU,ECU,IMPCER,,,,2010,,,,,,1.0
AvailabilityFactor,BAU,ECU,IMPCER,,,,2011,,,,,,1.0
AvailabilityFactor,BAU,ECU,IMPCER,,,,2012,,,,,,1.0
AvailabilityFactor,BAU,ECU,IMPCER,,,,2013,,,,,,1.0
AvailabilityFactor,BAU,ECU,IMPCER,,,,2014,,,,,,1.0
AvailabilityFactor,BAU,ECU,IMPCER,,,,2015,,,,,,1.0
AvailabilityFactor,BAU,ECU,IMPCER,,,,2016,,,,,,1.0
AvailabilityFactor,BAU,ECU,IMPCER,,,,2017,,,,,,1.0
AvailabilityFactor,BAU,ECU,IMPCER,,,,2018,,,,,,1.0
AvailabilityFactor,BAU,ECU,IMPCER,,,,2019,,,,,,1.0
AvailabilityFactor,BAU,ECU,IMPCER,,,,2020,,,,,,1.0
AvailabilityFactor,BAU,ECU,IMPCER,,,,2021,,,,,,1.0
AvailabilityFactor,BAU,ECU,IMPCER,,,,2022,,,,,,1.0
AvailabilityFactor,BAU,ECU,IMPCER,,,,2023,,,,,,1.0
AvailabilityFactor,BAU,ECU,IMPCER,,,,2024,,,,,,1.0
AvailabilityFactor,BAU,ECU,IMPCER,,,,2025,,,,,,1.0
AvailabilityFactor,BAU,ECU,IMPCER,,,,2026,,,,,,1.0
AvailabilityFactor,BAU,ECU,IMPCER,,,,2027,,,,,,1.0
AvailabilityFactor,BAU,ECU,IMPCER,,,,2028,,,,,,1.0
AvailabilityFactor,BAU,ECU,IMPCER,,,,2029,,,,,,1.0
AvailabilityFactor,BAU,ECU,IMPCER,,,,2030,,,,,,1.0
AvailabilityFactor,BAU,ECU,IMPCER,,,,2031,,,,,,1.0
AvailabilityFactor,BAU,ECU,IMPCER,,,,2032,,,,,,1.0
AvailabilityFactor,BAU,ECU,IMPCER,,,,2033,,,,,,1.0
AvailabilityFactor,BAU,ECU,IMPCER,,,,2034,,,,,,1.0
AvailabilityFactor,BAU,ECU,IMPCER,,,,2035,,,,,,1.0
AvailabilityFactor,BAU,ECU,IMPTUB,,,,2010,,,,,,1.0
AvailabilityFactor,BAU,ECU,IMPTUB,,,,2011,,,,,,1.0
AvailabilityFactor,BAU,ECU,IMPTUB,,,,2012,,,,,,1.0
AvailabilityFactor,BAU,ECU,IMPTUB,,,,2013,,,,,,1.0
AvailabilityFactor,BAU,ECU,IMPTUB,,,,2014,,,,,,1.0
AvailabilityFactor,BAU,ECU,IMPTUB,,,,2015,,,,,,1.0
AvailabilityFactor,BAU,ECU,IMPTUB,,,,2016,,,,,,1.0
AvailabilityFactor,BAU,ECU,IMPTUB,,,,2017,,,,,,1.0
AvailabilityFactor,BAU,ECU,IMPTUB,,,,2018,,,,,,1.0
AvailabilityFactor,BAU,ECU,IMPTUB,,,,2019,,,,,,1.0
AvailabilityFactor,BAU,ECU,IMPTUB,,,,2020,,,,,,1.0
AvailabilityFactor,BAU,ECU,IMPTUB,,,,2021,,,,,,1.0
AvailabilityFactor,BAU,ECU,IMPTUB,,,,2022,,,,,,1.0
AvailabilityFactor,BAU,ECU,IMPTUB,,,,2023,,,,,,1.0
AvailabilityFactor,BAU,ECU,IMPTUB,,,,2024,,,,,,1.0
AvailabilityFactor,BAU,ECU,IMPTUB,,,,2025,,,,,,1.0
AvailabilityFactor,BAU,ECU,IMPTUB,,,,2026,,,,,,1.0
AvailabilityFactor,BAU,ECU,IMPTUB,,,,2027,,,,,,1.0
AvailabilityFactor,BAU,ECU,IMPTUB,,,,2028,,,,,,1.0
AvailabilityFactor,BAU,ECU,IMPTUB,,,,2029,,,,,,1.0
AvailabilityFactor,BAU,ECU,IMPTUB,,,,2030,,,,,,1.0
AvailabilityFactor,BAU,ECU,IMPTUB,,,,2031,,,,,,1.0
AvailabilityFactor,BAU,ECU,IMPTUB,,,,2032,,,,,,1.0
AvailabilityFactor,BAU,ECU,IMPTUB,,,,2033,,,,,,1.0
AvailabilityFactor,BAU,ECU,IMPTUB,,,,2034,,,,,,1.0
AvailabilityFactor,BAU,ECU,IMPTUB,,,,2035,,,,,,1.0
AvailabilityFactor,BAU,ECU,IMPFRT,,,,2010,,,,,,1.0
AvailabilityFactor,BAU,ECU,IMPFRT,,,,2011,,,,,,1.0
AvailabilityFactor,BAU,ECU,IMPFRT,,,,2012,,,,,,1.0
AvailabilityFactor,BAU,ECU,IMPFRT,,,,2013,,,,,,1.0
AvailabilityFactor,BAU,ECU,IMPFRT,,,,2014,,,,,,1.0
AvailabilityFactor,BAU,ECU,IMPFRT,,,,2015,,,,,,1.0
AvailabilityFactor,BAU,ECU,IMPFRT,,,,2016,,,,,,1.0
AvailabilityFactor,BAU,ECU,IMPFRT,,,,2017,,,,,,1.0
AvailabilityFactor,BAU,ECU,IMPFRT,,,,2018,,,,,,1.0
AvailabilityFactor,BAU,ECU,IMPFRT,,,,2019,,,,,,1.0
AvailabilityFactor,BAU,ECU,IMPFRT,,,,2020,,,,,,1.0
AvailabilityFactor,BAU,ECU,IMPFRT,,,,2021,,,,,,1.0
AvailabilityFactor,BAU,ECU,IMPFRT,,,,2022,,,,,,1.0
AvailabilityFactor,BAU,ECU,IMPFRT,,,,2023,,,,,,1.0
AvailabilityFactor,BAU,ECU,IMPFRT,,,,2024,,,,,,1.0
AvailabilityFactor,BAU,ECU,IMPFRT,,,,2025,,,,,,1.0
AvailabilityFactor,BAU,ECU,IMPFRT,,,,2026,,,,,,1.0
AvailabilityFactor,BAU,ECU,IMPFRT,,,,2027,,,,,,1.0
AvailabilityFactor,BAU,ECU,IMPFRT,,,,2028,,,,,,1.0
AvailabilityFactor,BAU,ECU,IMPFRT,,,,2029,,,,,,1.0
AvailabilityFactor,BAU,ECU,IMPFRT,,,,2030,,,,,,1.0
AvailabilityFactor,BAU,ECU,IMPFRT,,,,2031,,,,,,1.0
AvailabilityFactor,BAU,ECU,IMPFRT,,,,2032,,,,,,1.0
AvailabilityFactor,BAU,ECU,IMPFRT,,,,2033,,,,,,1.0
AvailabilityFactor,BAU,ECU,IMPFRT,,,,2034,,,,,,1.0
AvailabilityFactor,BAU,ECU,IMPFRT,,,,2035,,,,,,1.0
AvailabilityFactor,BAU,ECU,IMPVEG,,,,2010,,,,,,1.0
AvailabilityFactor,BAU,ECU,IMPVEG,,,,2011,,,,,,1.0
AvailabilityFactor,BAU,ECU,IMPVEG,,,,2012,,,,,,1.0
AvailabilityFactor,BAU,ECU,IMPVEG,,,,2013,,,,,,1.0
AvailabilityFactor,BAU,ECU,IMPVEG,,,,2014,,,,,,1.0
AvailabilityFactor,BAU,ECU,IMPVEG,,,,2015,,,,,,1.0
AvailabilityFactor,BAU,ECU,IMPVEG,,,,2016,,,,,,1.0
AvailabilityFactor,BAU,ECU,IMPVEG,,,,2017,,,,,,1.0
AvailabilityFactor,BAU,ECU,IMPVEG,,,,2018,,,,,,1.0
AvailabilityFactor,BAU,ECU,IMPVEG,,,,2019,,,,,,1.0
AvailabilityFactor,BAU,ECU,IMPVEG,,,,2020,,,,,,1.0
AvailabilityFactor,BAU,ECU,IMPVEG,,,,2021,,,,,,1.0
AvailabilityFactor,BAU,ECU,IMPVEG,,,,2022,,,,,,1.0
AvailabilityFactor,BAU,ECU,IMPVEG,,,,2023,,,,,,1.0
AvailabilityFactor,BAU,ECU,IMPVEG,,,,2024,,,,,,1.0
AvailabilityFactor,BAU,ECU,IMPVEG,,,,2025,,,,,,1.0
AvailabilityFactor,BAU,ECU,IMPVEG,,,,2026,,,,,,1.0
AvailabilityFactor,BAU,ECU,IMPVEG,,,,2027,,,,,,1.0
AvailabilityFactor,BAU,ECU,IMPVEG,,,,2028,,,,,,1.0
AvailabilityFactor,BAU,ECU,IMPVEG,,,,2029,,,,,,1.0
AvailabilityFactor,BAU,ECU,IMPVEG,,,,2030,,,,,,1.0
AvailabilityFactor,BAU,ECU,IMPVEG,,,,2031,,,,,,1.0
AvailabilityFactor,BAU,ECU,IMPVEG,,,,2032,,,,,,1.0
AvailabilityFactor,BAU,ECU,IMPVEG,,,,2033,,,,,,1.0
AvailabilityFactor,BAU,ECU,IMPVEG,,,,2034,,,,,,1.0
AvailabilityFactor,BAU,ECU,IMPVEG,,,,2035,,,,,,1.0
AvailabilityFactor,BAU,ECU,IMPFLO,,,,2010,,,,,,1.0
AvailabilityFactor,BAU,ECU,IMPFLO,,,,2011,,,,,,1.0
AvailabilityFactor,BAU,ECU,IMPFLO,,,,2012,,,,,,1.0
AvailabilityFactor,BAU,ECU,IMPFLO,,,,2013,,,,,,1.0
AvailabilityFactor,BAU,ECU,IMPFLO,,,,2014,,,,,,1.0
AvailabilityFactor,BAU,ECU,IMPFLO,,,,2015,,,,,,1.0
AvailabilityFactor,BAU,ECU,IMPFLO,,,,2016,,,,,,1.0
AvailabilityFactor,BAU,ECU,IMPFLO,,,,2017,,,,,,1.0
AvailabilityFactor,BAU,ECU,IMPFLO,,,,2018,,,,,,1.0
AvailabilityFactor,BAU,ECU,IMPFLO,,,,2019,,,,,,1.0
AvailabilityFactor,BAU,ECU,IMPFLO,,,,2020,,,,,,1.0
AvailabilityFactor,BAU,ECU,IMPFLO,,,,2021,,,,,,1.0
AvailabilityFactor,BAU,ECU,IMPFLO,,,,2022,,,,,,1.0
AvailabilityFactor,BAU,ECU,IMPFLO,,,,2023,,,,,,1.0
AvailabilityFactor,BAU,ECU,IMPFLO,,,,2024,,,,,,1.0
AvailabilityFactor,BAU,ECU,IMPFLO,,,,2025,,,,,,1.0
AvailabilityFactor,BAU,ECU,IMPFLO,,,,2026,,,,,,1.0
AvailabilityFactor,BAU,ECU,IMPFLO,,,,2027,,,,,,1.0
AvailabilityFactor,BAU,ECU,IMPFLO,,,,2028,,,,,,1.0
AvailabilityFactor,BAU,ECU,IMPFLO,,,,2029,,,,,,1.0
AvailabilityFactor,BAU,ECU,IMPFLO,,,,2030,,,,,,1.0
AvailabilityFactor,BAU,ECU,IMPFLO,,,,2031,,,,,,1.0
AvailabilityFactor,BAU,ECU,IMPFLO,,,,2032,,,,,,1.0
AvailabilityFactor,BAU,ECU,IMPFLO,,,,2033,,,,,,1.0
AvailabilityFactor,BAU,ECU,IMPFLO,,,,2034,,,,,,1.0
AvailabilityFactor,BAU,ECU,IMPFLO,,,,2035,,,,,,1.0
AvailabilityFactor,BAU,ECU,IMPBOV,,,,2010,,,,,,1.0
AvailabilityFactor,BAU,ECU,IMPBOV,,,,2011,,,,,,1.0
AvailabilityFactor,BAU,ECU,IMPBOV,,,,2012,,,,,,1.0
AvailabilityFactor,BAU,ECU,IMPBOV,,,,2013,,,,,,1.0
AvailabilityFactor,BAU,ECU,IMPBOV,,,,2014,,,,,,1.0
AvailabilityFactor,BAU,ECU,IMPBOV,,,,2015,,,,,,1.0
AvailabilityFactor,BAU,ECU,IMPBOV,,,,2016,,,,,,1.0
AvailabilityFactor,BAU,ECU,IMPBOV,,,,2017,,,,,,1.0
AvailabilityFactor,BAU,ECU,IMPBOV,,,,2018,,,,,,1.0
AvailabilityFactor,BAU,ECU,IMPBOV,,,,2019,,,,,,1.0
AvailabilityFactor,BAU,ECU,IMPBOV,,,,2020,,,,,,1.0
AvailabilityFactor,BAU,ECU,IMPBOV,,,,2021,,,,,,1.0
AvailabilityFactor,BAU,ECU,IMPBOV,,,,2022,,,,,,1.0
AvailabilityFactor,BAU,ECU,IMPBOV,,,,2023,,,,,,1.0
AvailabilityFactor,BAU,ECU,IMPBOV,,,,2024,,,,,,1.0
AvailabilityFactor,BAU,ECU,IMPBOV,,,,2025,,,,,,1.0
AvailabilityFactor,BAU,ECU,IMPBOV,,,,2026,,,,,,1.0
AvailabilityFactor,BAU,ECU,IMPBOV,,,,2027,,,,,,1.0
AvailabilityFactor,BAU,ECU,IMPBOV,,,,2028,,,,,,1.0
AvailabilityFactor,BAU,ECU,IMPBOV,,,,2029,,,,,,1.0
AvailabilityFactor,BAU,ECU,IMPBOV,,,,2030,,,,,,1.0
AvailabilityFactor,BAU,ECU,IMPBOV,,,,2031,,,,,,1.0
AvailabilityFactor,BAU,ECU,IMPBOV,,,,2032,,,,,,1.0
AvailabilityFactor,BAU,ECU,IMPBOV,,,,2033,,,,,,1.0
AvailabilityFactor,BAU,ECU,IMPBOV,,,,2034,,,,,,1.0
AvailabilityFactor,BAU,ECU,IMPBOV,,,,2035,,,,,,1.0
AvailabilityFactor,BAU,ECU,IMPBUF,,,,2010,,,,,,1.0
AvailabilityFactor,BAU,ECU,IMPBUF,,,,2011,,,,,,1.0
AvailabilityFactor,BAU,ECU,IMPBUF,,,,2012,,,,,,1.0
AvailabilityFactor,BAU,ECU,IMPBUF,,,,2013,,,,,,1.0
AvailabilityFactor,BAU,ECU,IMPBUF,,,,2014,,,,,,1.0
AvailabilityFactor,BAU,ECU,IMPBUF,,,,2015,,,,,,1.0
AvailabilityFactor,BAU,ECU,IMPBUF,,,,2016,,,,,,1.0
AvailabilityFactor,BAU,ECU,IMPBUF,,,,2017,,,,,,1.0
AvailabilityFactor,BAU,ECU,IMPBUF,,,,2018,,,,,,1.0
AvailabilityFactor,BAU,ECU,IMPBUF,,,,2019,,,,,,1.0
AvailabilityFactor,BAU,ECU,IMPBUF,,,,2020,,,,,,1.0
AvailabilityFactor,BAU,ECU,IMPBUF,,,,2021,,,,,,1.0
AvailabilityFactor,BAU,ECU,IMPBUF,,,,2022,,,,,,1.0
AvailabilityFactor,BAU,ECU,IMPBUF,,,,2023,,,,,,1.0
AvailabilityFactor,BAU,ECU,IMPBUF,,,,2024,,,,,,1.0
AvailabilityFactor,BAU,ECU,IMPBUF,,,,2025,,,,,,1.0
AvailabilityFactor,BAU,ECU,IMPBUF,,,,2026,,,,,,1.0
AvailabilityFactor,BAU,ECU,IMPBUF,,,,2027,,,,,,1.0
AvailabilityFactor,BAU,ECU,IMPBUF,,,,2028,,,,,,1.0
AvailabilityFactor,BAU,ECU,IMPBUF,,,,2029,,,,,,1.0
AvailabilityFactor,BAU,ECU,IMPBUF,,,,2030,,,,,,1.0
AvailabilityFactor,BAU,ECU,IMPBUF,,,,2031,,,,,,1.0
AvailabilityFactor,BAU,ECU,IMPBUF,,,,2032,,,,,,1.0
AvailabilityFactor,BAU,ECU,IMPBUF,,,,2033,,,,,,1.0
AvailabilityFactor,BAU,ECU,IMPBUF,,,,2034,,,,,,1.0
AvailabilityFactor,BAU,ECU,IMPBUF,,,,2035,,,,,,1.0
AvailabilityFactor,BAU,ECU,IMPOVE,,,,2010,,,,,,1.0
AvailabilityFactor,BAU,ECU,IMPOVE,,,,2011,,,,,,1.0
AvailabilityFactor,BAU,ECU,IMPOVE,,,,2012,,,,,,1.0
AvailabilityFactor,BAU,ECU,IMPOVE,,,,2013,,,,,,1.0
AvailabilityFactor,BAU,ECU,IMPOVE,,,,2014,,,,,,1.0
AvailabilityFactor,BAU,ECU,IMPOVE,,,,2015,,,,,,1.0
AvailabilityFactor,BAU,ECU,IMPOVE,,,,2016,,,,,,1.0
AvailabilityFactor,BAU,ECU,IMPOVE,,,,2017,,,,,,1.0
AvailabilityFactor,BAU,ECU,IMPOVE,,,,2018,,,,,,1.0
AvailabilityFactor,BAU,ECU,IMPOVE,,,,2019,,,,,,1.0
AvailabilityFactor,BAU,ECU,IMPOVE,,,,2020,,,,,,1.0
AvailabilityFactor,BAU,ECU,IMPOVE,,,,2021,,,,,,1.0
AvailabilityFactor,BAU,ECU,IMPOVE,,,,2022,,,,,,1.0
AvailabilityFactor,BAU,ECU,IMPOVE,,,,2023,,,,,,1.0
AvailabilityFactor,BAU,ECU,IMPOVE,,,,2024,,,,,,1.0
AvailabilityFactor,BAU,ECU,IMPOVE,,,,2025,,,,,,1.0
AvailabilityFactor,BAU,ECU,IMPOVE,,,,2026,,,,,,1.0
AvailabilityFactor,BAU,ECU,IMPOVE,,,,2027,,,,,,1.0
AvailabilityFactor,BAU,ECU,IMPOVE,,,,2028,,,,,,1.0
AvailabilityFactor,BAU,ECU,IMPOVE,,,,2029,,,,,,1.0
AvailabilityFactor,BAU,ECU,IMPOVE,,,,2030,,,,,,1.0
AvailabilityFactor,BAU,ECU,IMPOVE,,,,2031,,,,,,1.0
AvailabilityFactor,BAU,ECU,IMPOVE,,,,2032,,,,,,1.0
AvailabilityFactor,BAU,ECU,IMPOVE,,,,2033,,,,,,1.0
AvailabilityFactor,BAU,ECU,IMPOVE,,,,2034,,,,,,1.0
AvailabilityFactor,BAU,ECU,IMPOVE,,,,2035,,,,,,1.0
AvailabilityFactor,BAU,ECU,IMPCBR,,,,2010,,,,,,1.0
AvailabilityFactor,BAU,ECU,IMPCBR,,,,2011,,,,,,1.0
AvailabilityFactor,BAU,ECU,IMPCBR,,,,2012,,,,,,1.0
AvailabilityFactor,BAU,ECU,IMPCBR,,,,2013,,,,,,1.0
AvailabilityFactor,BAU,ECU,IMPCBR,,,,2014,,,,,,1.0
AvailabilityFactor,BAU,ECU,IMPCBR,,,,2015,,,,,,1.0
AvailabilityFactor,BAU,ECU,IMPCBR,,,,2016,,,,,,1.0
AvailabilityFactor,BAU,ECU,IMPCBR,,,,2017,,,,,,1.0
AvailabilityFactor,BAU,ECU,IMPCBR,,,,2018,,,,,,1.0
AvailabilityFactor,BAU,ECU,IMPCBR,,,,2019,,,,,,1.0
AvailabilityFactor,BAU,ECU,IMPCBR,,,,2020,,,,,,1.0
AvailabilityFactor,BAU,ECU,IMPCBR,,,,2021,,,,,,1.0
AvailabilityFactor,BAU,ECU,IMPCBR,,,,2022,,,,,,1.0
AvailabilityFactor,BAU,ECU,IMPCBR,,,,2023,,,,,,1.0
AvailabilityFactor,BAU,ECU,IMPCBR,,,,2024,,,,,,1.0
AvailabilityFactor,BAU,ECU,IMPCBR,,,,2025,,,,,,1.0
AvailabilityFactor,BAU,ECU,IMPCBR,,,,2026,,,,,,1.0
AvailabilityFactor,BAU,ECU,IMPCBR,,,,2027,,,,,,1.0
AvailabilityFactor,BAU,ECU,IMPCBR,,,,2028,,,,,,1.0
AvailabilityFactor,BAU,ECU,IMPCBR,,,,2029,,,,,,1.0
AvailabilityFactor,BAU,ECU,IMPCBR,,,,2030,,,,,,1.0
AvailabilityFactor,BAU,ECU,IMPCBR,,,,2031,,,,,,1.0
AvailabilityFactor,BAU,ECU,IMPCBR,,,,2032,,,,,,1.0
AvailabilityFactor,BAU,ECU,IMPCBR,,,,2033,,,,,,1.0
AvailabilityFactor,BAU,ECU,IMPCBR,,,,2034,,,,,,1.0
AvailabilityFactor,BAU,ECU,IMPCBR,,,,2035,,,,,,1.0
AvailabilityFactor,BAU,ECU,IMPCAM,,,,2010,,,,,,1.0
AvailabilityFactor,BAU,ECU,IMPCAM,,,,2011,,,,,,1.0
AvailabilityFactor,BAU,ECU,IMPCAM,,,,2012,,,,,,1.0
AvailabilityFactor,BAU,ECU,IMPCAM,,,,2013,,,,,,1.0
AvailabilityFactor,BAU,ECU,IMPCAM,,,,2014,,,,,,1.0
AvailabilityFactor,BAU,ECU,IMPCAM,,,,2015,,,,,,1.0
AvailabilityFactor,BAU,ECU,IMPCAM,,,,2016,,,,,,1.0
AvailabilityFactor,BAU,ECU,IMPCAM,,,,2017,,,,,,1.0
AvailabilityFactor,BAU,ECU,IMPCAM,,,,2018,,,,,,1.0
AvailabilityFactor,BAU,ECU,IMPCAM,,,,2019,,,,,,1.0
AvailabilityFactor,BAU,ECU,IMPCAM,,,,2020,,,,,,1.0
AvailabilityFactor,BAU,ECU,IMPCAM,,,,2021,,,,,,1.0
AvailabilityFactor,BAU,ECU,IMPCAM,,,,2022,,,,,,1.0
AvailabilityFactor,BAU,ECU,IMPCAM,,,,2023,,,,,,1.0
AvailabilityFactor,BAU,ECU,IMPCAM,,,,2024,,,,,,1.0
AvailabilityFactor,BAU,ECU,IMPCAM,,,,2025,,,,,,1.0
AvailabilityFactor,BAU,ECU,IMPCAM,,,,2026,,,,,,1.0
AvailabilityFactor,BAU,ECU,IMPCAM,,,,2027,,,,,,1.0
AvailabilityFactor,BAU,ECU,IMPCAM,,,,2028,,,,,,1.0
AvailabilityFactor,BAU,ECU,IMPCAM,,,,2029,,,,,,1.0
AvailabilityFactor,BAU,ECU,IMPCAM,,,,2030,,,,,,1.0
AvailabilityFactor,BAU,ECU,IMPCAM,,,,2031,,,,,,1.0
AvailabilityFactor,BAU,ECU,IMPCAM,,,,2032,,,,,,1.0
AvailabilityFactor,BAU,ECU,IMPCAM,,,,2033,,,,,,1.0
AvailabilityFactor,BAU,ECU,IMPCAM,,,,2034,,,,,,1.0
AvailabilityFactor,BAU,ECU,IMPCAM,,,,2035,,,,,,1.0
AvailabilityFactor,BAU,ECU,IMPCAB,,,,2010,,,,,,1.0
AvailabilityFactor,BAU,ECU,IMPCAB,,,,2011,,,,,,1.0
AvailabilityFactor,BAU,ECU,IMPCAB,,,,2012,,,,,,1.0
AvailabilityFactor,BAU,ECU,IMPCAB,,,,2013,,,,,,1.0
AvailabilityFactor,BAU,ECU,IMPCAB,,,,2014,,,,,,1.0
AvailabilityFactor,BAU,ECU,IMPCAB,,,,2015,,,,,,1.0
AvailabilityFactor,BAU,ECU,IMPCAB,,,,2016,,,,,,1.0
AvailabilityFactor,BAU,ECU,IMPCAB,,,,2017,,,,,,1.0
AvailabilityFactor,BAU,ECU,IMPCAB,,,,2018,,,,,,1.0
AvailabilityFactor,BAU,ECU,IMPCAB,,,,2019,,,,,,1.0
AvailabilityFactor,BAU,ECU,IMPCAB,,,,2020,,,,,,1.0
AvailabilityFactor,BAU,ECU,IMPCAB,,,,2021,,,,,,1.0
AvailabilityFactor,BAU,ECU,IMPCAB,,,,2022,,,,,,1.0
AvailabilityFactor,BAU,ECU,IMPCAB,,,,2023,,,,,,1.0
AvailabilityFactor,BAU,ECU,IMPCAB,,,,2024,,,,,,1.0
AvailabilityFactor,BAU,ECU,IMPCAB,,,,2025,,,,,,1.0
AvailabilityFactor,BAU,ECU,IMPCAB,,,,2026,,,,,,1.0
AvailabilityFactor,BAU,ECU,IMPCAB,,,,2027,,,,,,1.0
AvailabilityFactor,BAU,ECU,IMPCAB,,,,2028,,,,,,1.0
AvailabilityFactor,BAU,ECU,IMPCAB,,,,2029,,,,,,1.0
AvailabilityFactor,BAU,ECU,IMPCAB,,,,2030,,,,,,1.0
AvailabilityFactor,BAU,ECU,IMPCAB,,,,2031,,,,,,1.0
AvailabilityFactor,BAU,ECU,IMPCAB,,,,2032,,,,,,1.0
AvailabilityFactor,BAU,ECU,IMPCAB,,,,2033,,,,,,1.0
AvailabilityFactor,BAU,ECU,IMPCAB,,,,2034,,,,,,1.0
AvailabilityFactor,BAU,ECU,IMPCAB,,,,2035,,,,,,1.0
AvailabilityFactor,BAU,ECU,IMPMUL,,,,2010,,,,,,1.0
AvailabilityFactor,BAU,ECU,IMPMUL,,,,2011,,,,,,1.0
AvailabilityFactor,BAU,ECU,IMPMUL,,,,2012,,,,,,1.0
AvailabilityFactor,BAU,ECU,IMPMUL,,,,2013,,,,,,1.0
AvailabilityFactor,BAU,ECU,IMPMUL,,,,2014,,,,,,1.0
AvailabilityFactor,BAU,ECU,IMPMUL,,,,2015,,,,,,1.0
AvailabilityFactor,BAU,ECU,IMPMUL,,,,2016,,,,,,1.0
AvailabilityFactor,BAU,ECU,IMPMUL,,,,2017,,,,,,1.0
AvailabilityFactor,BAU,ECU,IMPMUL,,,,2018,,,,,,1.0
AvailabilityFactor,BAU,ECU,IMPMUL,,,,2019,,,,,,1.0
AvailabilityFactor,BAU,ECU,IMPMUL,,,,2020,,,,,,1.0
AvailabilityFactor,BAU,ECU,IMPMUL,,,,2021,,,,,,1.0
AvailabilityFactor,BAU,ECU,IMPMUL,,,,2022,,,,,,1.0
AvailabilityFactor,BAU,ECU,IMPMUL,,,,2023,,,,,,1.0
AvailabilityFactor,BAU,ECU,IMPMUL,,,,2024,,,,,,1.0
AvailabilityFactor,BAU,ECU,IMPMUL,,,,2025,,,,,,1.0
AvailabilityFactor,BAU,ECU,IMPMUL,,,,2026,,,,,,1.0
AvailabilityFactor,BAU,ECU,IMPMUL,,,,2027,,,,,,1.0
AvailabilityFactor,BAU,ECU,IMPMUL,,,,2028,,,,,,1.0
AvailabilityFactor,BAU,ECU,IMPMUL,,,,2029,,,,,,1.0
AvailabilityFactor,BAU,ECU,IMPMUL,,,,2030,,,,,,1.0
AvailabilityFactor,BAU,ECU,IMPMUL,,,,2031,,,,,,1.0
AvailabilityFactor,BAU,ECU,IMPMUL,,,,2032,,,,,,1.0
AvailabilityFactor,BAU,ECU,IMPMUL,,,,2033,,,,,,1.0
AvailabilityFactor,BAU,ECU,IMPMUL,,,,2034,,,,,,1.0
AvailabilityFactor,BAU,ECU,IMPMUL,,,,2035,,,,,,1.0
AvailabilityFactor,BAU,ECU,IMPPOR,,,,2010,,,,,,1.0
AvailabilityFactor,BAU,ECU,IMPPOR,,,,2011,,,,,,1.0
AvailabilityFactor,BAU,ECU,IMPPOR,,,,2012,,,,,,1.0
AvailabilityFactor,BAU,ECU,IMPPOR,,,,2013,,,,,,1.0
AvailabilityFactor,BAU,ECU,IMPPOR,,,,2014,,,,,,1.0
AvailabilityFactor,BAU,ECU,IMPPOR,,,,2015,,,,,,1.0
AvailabilityFactor,BAU,ECU,IMPPOR,,,,2016,,,,,,1.0
AvailabilityFactor,BAU,ECU,IMPPOR,,,,2017,,,,,,1.0
AvailabilityFactor,BAU,ECU,IMPPOR,,,,2018,,,,,,1.0
AvailabilityFactor,BAU,ECU,IMPPOR,,,,2019,,,,,,1.0
AvailabilityFactor,BAU,ECU,IMPPOR,,,,2020,,,,,,1.0
AvailabilityFactor,BAU,ECU,IMPPOR,,,,2021,,,,,,1.0
AvailabilityFactor,BAU,ECU,IMPPOR,,,,2022,,,,,,1.0
AvailabilityFactor,BAU,ECU,IMPPOR,,,,2023,,,,,,1.0
AvailabilityFactor,BAU,ECU,IMPPOR,,,,2024,,,,,,1.0
AvailabilityFactor,BAU,ECU,IMPPOR,,,,2025,,,,,,1.0
AvailabilityFactor,BAU,ECU,IMPPOR,,,,2026,,,,,,1.0
AvailabilityFactor,BAU,ECU,IMPPOR,,,,2027,,,,,,1.0
AvailabilityFactor,BAU,ECU,IMPPOR,,,,2028,,,,,,1.0
AvailabilityFactor,BAU,ECU,IMPPOR,,,,2029,,,,,,1.0
AvailabilityFactor,BAU,ECU,IMPPOR,,,,2030,,,,,,1.0
AvailabilityFactor,BAU,ECU,IMPPOR,,,,2031,,,,,,1.0
AvailabilityFactor,BAU,ECU,IMPPOR,,,,2032,,,,,,1.0
AvailabilityFactor,BAU,ECU,IMPPOR,,,,2033,,,,,,1.0
AvailabilityFactor,BAU,ECU,IMPPOR,,,,2034,,,,,,1.0
AvailabilityFactor,BAU,ECU,IMPPOR,,,,2035,,,,,,1.0
AvailabilityFactor,BAU,ECU,IMPAVE,,,,2010,,,,,,1.0
AvailabilityFactor,BAU,ECU,IMPAVE,,,,2011,,,,,,1.0
AvailabilityFactor,BAU,ECU,IMPAVE,,,,2012,,,,,,1.0
AvailabilityFactor,BAU,ECU,IMPAVE,,,,2013,,,,,,1.0
AvailabilityFactor,BAU,ECU,IMPAVE,,,,2014,,,,,,1.0
AvailabilityFactor,BAU,ECU,IMPAVE,,,,2015,,,,,,1.0
AvailabilityFactor,BAU,ECU,IMPAVE,,,,2016,,,,,,1.0
AvailabilityFactor,BAU,ECU,IMPAVE,,,,2017,,,,,,1.0
AvailabilityFactor,BAU,ECU,IMPAVE,,,,2018,,,,,,1.0
AvailabilityFactor,BAU,ECU,IMPAVE,,,,2019,,,,,,1.0
AvailabilityFactor,BAU,ECU,IMPAVE,,,,2020,,,,,,1.0
AvailabilityFactor,BAU,ECU,IMPAVE,,,,2021,,,,,,1.0
AvailabilityFactor,BAU,ECU,IMPAVE,,,,2022,,,,,,1.0
AvailabilityFactor,BAU,ECU,IMPAVE,,,,2023,,,,,,1.0
AvailabilityFactor,BAU,ECU,IMPAVE,,,,2024,,,,,,1.0
AvailabilityFactor,BAU,ECU,IMPAVE,,,,2025,,,,,,1.0
AvailabilityFactor,BAU,ECU,IMPAVE,,,,2026,,,,,,1.0
AvailabilityFactor,BAU,ECU,IMPAVE,,,,2027,,,,,,1.0
AvailabilityFactor,BAU,ECU,IMPAVE,,,,2028,,,,,,1.0
AvailabilityFactor,BAU,ECU,IMPAVE,,,,2029,,,,,,1.0
AvailabilityFactor,BAU,ECU,IMPAVE,,,,2030,,,,,,1.0
AvailabilityFactor,BAU,ECU,IMPAVE,,,,2031,,,,,,1.0
AvailabilityFactor,BAU,ECU,IMPAVE,,,,2032,,,,,,1.0
AvailabilityFactor,BAU,ECU,IMPAVE,,,,2033,,,,,,1.0
AvailabilityFactor,BAU,ECU,IMPAVE,,,,2034,,,,,,1.0
AvailabilityFactor,BAU,ECU,IMPAVE,,,,2035,,,,,,1.0
AvailabilityFactor,BAU,ECU,LU_CROP,,,,2010,,,,,,1.0
AvailabilityFactor,BAU,ECU,LU_CROP,,,,2011,,,,,,1.0
AvailabilityFactor,BAU,ECU,LU_CROP,,,,2012,,,,,,1.0
AvailabilityFactor,BAU,ECU,LU_CROP,,,,2013,,,,,,1.0
AvailabilityFactor,BAU,ECU,LU_CROP,,,,2014,,,,,,1.0
AvailabilityFactor,BAU,ECU,LU_CROP,,,,2015,,,,,,1.0
AvailabilityFactor,BAU,ECU,LU_CROP,,,,2016,,,,,,1.0
AvailabilityFactor,BAU,ECU,LU_CROP,,,,2017,,,,,,1.0
AvailabilityFactor,BAU,ECU,LU_CROP,,,,2018,,,,,,1.0
AvailabilityFactor,BAU,ECU,LU_CROP,,,,2019,,,,,,1.0
AvailabilityFactor,BAU,ECU,LU_CROP,,,,2020,,,,,,1.0
AvailabilityFactor,BAU,ECU,LU_CROP,,,,2021,,,,,,1.0
AvailabilityFactor,BAU,ECU,LU_CROP,,,,2022,,,,,,1.0
AvailabilityFactor,BAU,ECU,LU_CROP,,,,2023,,,,,,1.0
AvailabilityFactor,BAU,ECU,LU_CROP,,,,2024,,,,,,1.0
AvailabilityFactor,BAU,ECU,LU_CROP,,,,2025,,,,,,1.0
AvailabilityFactor,BAU,ECU,LU_CROP,,,,2026,,,,,,1.0
AvailabilityFactor,BAU,ECU,LU_CROP,,,,2027,,,,,,1.0
AvailabilityFactor,BAU,ECU,LU_CROP,,,,2028,,,,,,1.0
AvailabilityFactor,BAU,ECU,LU_CROP,,,,2029,,,,,,1.0
AvailabilityFactor,BAU,ECU,LU_CROP,,,,2030,,,,,,1.0
AvailabilityFactor,BAU,ECU,LU_CROP,,,,2031,,,,,,1.0
AvailabilityFactor,BAU,ECU,LU_CROP,,,,2032,,,,,,1.0
AvailabilityFactor,BAU,ECU,LU_CROP,,,,2033,,,,,,1.0
AvailabilityFactor,BAU,ECU,LU_CROP,,,,2034,,,,,,1.0
AvailabilityFactor,BAU,ECU,LU_CROP,,,,2035,,,,,,1.0
AvailabilityFactor,BAU,ECU,LU_PAS,,,,2010,,,,,,1.0
AvailabilityFactor,BAU,ECU,LU_PAS,,,,2011,,,,,,1.0
AvailabilityFactor,BAU,ECU,LU_PAS,,,,2012,,,,,,1.0
AvailabilityFactor,BAU,ECU,LU_PAS,,,,2013,,,,,,1.0
AvailabilityFactor,BAU,ECU,LU_PAS,,,,2014,,,,,,1.0
AvailabilityFactor,BAU,ECU,LU_PAS,,,,2015,,,,,,1.0
AvailabilityFactor,BAU,ECU,LU_PAS,,,,2016,,,,,,1.0
AvailabilityFactor,BAU,ECU,LU_PAS,,,,2017,,,,,,1.0
AvailabilityFactor,BAU,ECU,LU_PAS,,,,2018,,,,,,1.0
AvailabilityFactor,BAU,ECU,LU_PAS,,,,2019,,,,,,1.0
AvailabilityFactor,BAU,ECU,LU_PAS,,,,2020,,,,,,1.0
AvailabilityFactor,BAU,ECU,LU_PAS,,,,2021,,,,,,1.0
AvailabilityFactor,BAU,ECU,LU_PAS,,,,2022,,,,,,1.0
AvailabilityFactor,BAU,ECU,LU_PAS,,,,2023,,,,,,1.0
AvailabilityFactor,BAU,ECU,LU_PAS,,,,2024,,,,,,1.0
AvailabilityFactor,BAU,ECU,LU_PAS,,,,2025,,,,,,1.0
AvailabilityFactor,BAU,ECU,LU_PAS,,,,2026,,,,,,1.0
AvailabilityFactor,BAU,ECU,LU_PAS,,,,2027,,,,,,1.0
AvailabilityFactor,BAU,ECU,LU_PAS,,,,2028,,,,,,1.0
AvailabilityFactor,BAU,ECU,LU_PAS,,,,2029,,,,,,1.0
AvailabilityFactor,BAU,ECU,LU_PAS,,,,2030,,,,,,1.0
AvailabilityFactor,BAU,ECU,LU_PAS,,,,2031,,,,,,1.0
AvailabilityFactor,BAU,ECU,LU_PAS,,,,2032,,,,,,1.0
AvailabilityFactor,BAU,ECU,LU_PAS,,,,2033,,,,,,1.0
AvailabilityFactor,BAU,ECU,LU_PAS,,,,2034,,,,,,1.0
AvailabilityFactor,BAU,ECU,LU_PAS,,,,2035,,,,,,1.0
AvailabilityFactor,BAU,ECU,AG_ARR,,,,2010,,,,,,1.0
AvailabilityFactor,BAU,ECU,AG_ARR,,,,2011,,,,,,1.0
AvailabilityFactor,BAU,ECU,AG_ARR,,,,2012,,,,,,1.0
AvailabilityFactor,BAU,ECU,AG_ARR,,,,2013,,,,,,1.0
AvailabilityFactor,BAU,ECU,AG_ARR,,,,2014,,,,,,1.0
AvailabilityFactor,BAU,ECU,AG_ARR,,,,2015,,,,,,1.0
AvailabilityFactor,BAU,ECU,AG_ARR,,,,2016,,,,,,1.0
AvailabilityFactor,BAU,ECU,AG_ARR,,,,2017,,,,,,1.0
AvailabilityFactor,BAU,ECU,AG_ARR,,,,2018,,,,,,1.0
AvailabilityFactor,BAU,ECU,AG_ARR,,,,2019,,,,,,1.0
AvailabilityFactor,BAU,ECU,AG_ARR,,,,2020,,,,,,1.0
AvailabilityFactor,BAU,ECU,AG_ARR,,,,2021,,,,,,1.0
AvailabilityFactor,BAU,ECU,AG_ARR,,,,2022,,,,,,1.0
AvailabilityFactor,BAU,ECU,AG_ARR,,,,2023,,,,,,1.0
AvailabilityFactor,BAU,ECU,AG_ARR,,,,2024,,,,,,1.0
AvailabilityFactor,BAU,ECU,AG_ARR,,,,2025,,,,,,1.0
AvailabilityFactor,BAU,ECU,AG_ARR,,,,2026,,,,,,1.0
AvailabilityFactor,BAU,ECU,AG_ARR,,,,2027,,,,,,1.0
AvailabilityFactor,BAU,ECU,AG_ARR,,,,2028,,,,,,1.0
AvailabilityFactor,BAU,ECU,AG_ARR,,,,2029,,,,,,1.0
AvailabilityFactor,BAU,ECU,AG_ARR,,,,2030,,,,,,1.0
AvailabilityFactor,BAU,ECU,AG_ARR,,,,2031,,,,,,1.0
AvailabilityFactor,BAU,ECU,AG_ARR,,,,2032,,,,,,1.0
AvailabilityFactor,BAU,ECU,AG_ARR,,,,2033,,,,,,1.0
AvailabilityFactor,BAU,ECU,AG_ARR,,,,2034,,,,,,1.0
AvailabilityFactor,BAU,ECU,AG_ARR,,,,2035,,,,,,1.0
AvailabilityFactor,BAU,ECU,AG_BAN,,,,2010,,,,,,1.0
AvailabilityFactor,BAU,ECU,AG_BAN,,,,2011,,,,,,1.0
AvailabilityFactor,BAU,ECU,AG_BAN,,,,2012,,,,,,1.0
AvailabilityFactor,BAU,ECU,AG_BAN,,,,2013,,,,,,1.0
AvailabilityFactor,BAU,ECU,AG_BAN,,,,2014,,,,,,1.0
AvailabilityFactor,BAU,ECU,AG_BAN,,,,2015,,,,,,1.0
AvailabilityFactor,BAU,ECU,AG_BAN,,,,2016,,,,,,1.0
AvailabilityFactor,BAU,ECU,AG_BAN,,,,2017,,,,,,1.0
AvailabilityFactor,BAU,ECU,AG_BAN,,,,2018,,,,,,1.0
AvailabilityFactor,BAU,ECU,AG_BAN,,,,2019,,,,,,1.0
AvailabilityFactor,BAU,ECU,AG_BAN,,,,2020,,,,,,1.0
AvailabilityFactor,BAU,ECU,AG_BAN,,,,2021,,,,,,1.0
AvailabilityFactor,BAU,ECU,AG_BAN,,,,2022,,,,,,1.0
AvailabilityFactor,BAU,ECU,AG_BAN,,,,2023,,,,,,1.0
AvailabilityFactor,BAU,ECU,AG_BAN,,,,2024,,,,,,1.0
AvailabilityFactor,BAU,ECU,AG_BAN,,,,2025,,,,,,1.0
AvailabilityFactor,BAU,ECU,AG_BAN,,,,2026,,,,,,1.0
AvailabilityFactor,BAU,ECU,AG_BAN,,,,2027,,,,,,1.0
AvailabilityFactor,BAU,ECU,AG_BAN,,,,2028,,,,,,1.0
AvailabilityFactor,BAU,ECU,AG_BAN,,,,2029,,,,,,1.0
AvailabilityFactor,BAU,ECU,AG_BAN,,,,2030,,,,,,1.0
AvailabilityFactor,BAU,ECU,AG_BAN,,,,2031,,,,,,1.0
AvailabilityFactor,BAU,ECU,AG_BAN,,,,2032,,,,,,1.0
AvailabilityFactor,BAU,ECU,AG_BAN,,,,2033,,,,,,1.0
AvailabilityFactor,BAU,ECU,AG_BAN,,,,2034,,,,,,1.0
AvailabilityFactor,BAU,ECU,AG_BAN,,,,2035,,,,,,1.0
AvailabilityFactor,BAU,ECU,AG_COC,,,,2010,,,,,,1.0
AvailabilityFactor,BAU,ECU,AG_COC,,,,2011,,,,,,1.0
AvailabilityFactor,BAU,ECU,AG_COC,,,,2012,,,,,,1.0
AvailabilityFactor,BAU,ECU,AG_COC,,,,2013,,,,,,1.0
AvailabilityFactor,BAU,ECU,AG_COC,,,,2014,,,,,,1.0
AvailabilityFactor,BAU,ECU,AG_COC,,,,2015,,,,,,1.0
AvailabilityFactor,BAU,ECU,AG_COC,,,,2016,,,,,,1.0
AvailabilityFactor,BAU,ECU,AG_COC,,,,2017,,,,,,1.0
AvailabilityFactor,BAU,ECU,AG_COC,,,,2018,,,,,,1.0
AvailabilityFactor,BAU,ECU,AG_COC,,,,2019,,,,,,1.0
AvailabilityFactor,BAU,ECU,AG_COC,,,,2020,,,,,,1.0
AvailabilityFactor,BAU,ECU,AG_COC,,,,2021,,,,,,1.0
AvailabilityFactor,BAU,ECU,AG_COC,,,,2022,,,,,,1.0
AvailabilityFactor,BAU,ECU,AG_COC,,,,2023,,,,,,1.0
AvailabilityFactor,BAU,ECU,AG_COC,,,,2024,,,,,,1.0
AvailabilityFactor,BAU,ECU,AG_COC,,,,2025,,,,,,1.0
AvailabilityFactor,BAU,ECU,AG_COC,,,,2026,,,,,,1.0
AvailabilityFactor,BAU,ECU,AG_COC,,,,2027,,,,,,1.0
AvailabilityFactor,BAU,ECU,AG_COC,,,,2028,,,,,,1.0
AvailabilityFactor,BAU,ECU,AG_COC,,,,2029,,,,,,1.0
AvailabilityFactor,BAU,ECU,AG_COC,,,,2030,,,,,,1.0
AvailabilityFactor,BAU,ECU,AG_COC,,,,2031,,,,,,1.0
AvailabilityFactor,BAU,ECU,AG_COC,,,,2032,,,,,,1.0
AvailabilityFactor,BAU,ECU,AG_COC,,,,2033,,,,,,1.0
AvailabilityFactor,BAU,ECU,AG_COC,,,,2034,,,,,,1.0
AvailabilityFactor,BAU,ECU,AG_COC,,,,2035,,,,,,1.0
AvailabilityFactor,BAU,ECU,AG_COF,,,,2010,,,,,,1.0
AvailabilityFactor,BAU,ECU,AG_COF,,,,2011,,,,,,1.0
AvailabilityFactor,BAU,ECU,AG_COF,,,,2012,,,,,,1.0
AvailabilityFactor,BAU,ECU,AG_COF,,,,2013,,,,,,1.0
AvailabilityFactor,BAU,ECU,AG_COF,,,,2014,,,,,,1.0
AvailabilityFactor,BAU,ECU,AG_COF,,,,2015,,,,,,1.0
AvailabilityFactor,BAU,ECU,AG_COF,,,,2016,,,,,,1.0
AvailabilityFactor,BAU,ECU,AG_COF,,,,2017,,,,,,1.0
AvailabilityFactor,BAU,ECU,AG_COF,,,,2018,,,,,,1.0
AvailabilityFactor,BAU,ECU,AG_COF,,,,2019,,,,,,1.0
AvailabilityFactor,BAU,ECU,AG_COF,,,,2020,,,,,,1.0
AvailabilityFactor,BAU,ECU,AG_COF,,,,2021,,,,,,1.0
AvailabilityFactor,BAU,ECU,AG_COF,,,,2022,,,,,,1.0
AvailabilityFactor,BAU,ECU,AG_COF,,,,2023,,,,,,1.0
AvailabilityFactor,BAU,ECU,AG_COF,,,,2024,,,,,,1.0
AvailabilityFactor,BAU,ECU,AG_COF,,,,2025,,,,,,1.0
AvailabilityFactor,BAU,ECU,AG_COF,,,,2026,,,,,,1.0
AvailabilityFactor,BAU,ECU,AG_COF,,,,2027,,,,,,1.0
AvailabilityFactor,BAU,ECU,AG_COF,,,,2028,,,,,,1.0
AvailabilityFactor,BAU,ECU,AG_COF,,,,2029,,,,,,1.0
AvailabilityFactor,BAU,ECU,AG_COF,,,,2030,,,,,,1.0
AvailabilityFactor,BAU,ECU,AG_COF,,,,2031,,,,,,1.0
AvailabilityFactor,BAU,ECU,AG_COF,,,,2032,,,,,,1.0
AvailabilityFactor,BAU,ECU,AG_COF,,,,2033,,,,,,1.0
AvailabilityFactor,BAU,ECU,AG_COF,,,,2034,,,,,,1.0
AvailabilityFactor,BAU,ECU,AG_COF,,,,2035,,,,,,1.0
AvailabilityFactor,BAU,ECU,AG_SUG,,,,2010,,,,,,1.0
AvailabilityFactor,BAU,ECU,AG_SUG,,,,2011,,,,,,1.0
AvailabilityFactor,BAU,ECU,AG_SUG,,,,2012,,,,,,1.0
AvailabilityFactor,BAU,ECU,AG_SUG,,,,2013,,,,,,1.0
AvailabilityFactor,BAU,ECU,AG_SUG,,,,2014,,,,,,1.0
AvailabilityFactor,BAU,ECU,AG_SUG,,,,2015,,,,,,1.0
AvailabilityFactor,BAU,ECU,AG_SUG,,,,2016,,,,,,1.0
AvailabilityFactor,BAU,ECU,AG_SUG,,,,2017,,,,,,1.0
AvailabilityFactor,BAU,ECU,AG_SUG,,,,2018,,,,,,1.0
AvailabilityFactor,BAU,ECU,AG_SUG,,,,2019,,,,,,1.0
AvailabilityFactor,BAU,ECU,AG_SUG,,,,2020,,,,,,1.0
AvailabilityFactor,BAU,ECU,AG_SUG,,,,2021,,,,,,1.0
AvailabilityFactor,BAU,ECU,AG_SUG,,,,2022,,,,,,1.0
AvailabilityFactor,BAU,ECU,AG_SUG,,,,2023,,,,,,1.0
AvailabilityFactor,BAU,ECU,AG_SUG,,,,2024,,,,,,1.0
AvailabilityFactor,BAU,ECU,AG_SUG,,,,2025,,,,,,1.0
AvailabilityFactor,BAU,ECU,AG_SUG,,,,2026,,,,,,1.0
AvailabilityFactor,BAU,ECU,AG_SUG,,,,2027,,,,,,1.0
AvailabilityFactor,BAU,ECU,AG_SUG,,,,2028,,,,,,1.0
AvailabilityFactor,BAU,ECU,AG_SUG,,,,2029,,,,,,1.0
AvailabilityFactor,BAU,ECU,AG_SUG,,,,2030,,,,,,1.0
AvailabilityFactor,BAU,ECU,AG_SUG,,,,2031,,,,,,1.0
AvailabilityFactor,BAU,ECU,AG_SUG,,,,2032,,,,,,1.0
AvailabilityFactor,BAU,ECU,AG_SUG,,,,2033,,,,,,1.0
AvailabilityFactor,BAU,ECU,AG_SUG,,,,2034,,,,,,1.0
AvailabilityFactor,BAU,ECU,AG_SUG,,,,2035,,,,,,1.0
AvailabilityFactor,BAU,ECU,AG_MAI,,,,2010,,,,,,1.0
AvailabilityFactor,BAU,ECU,AG_MAI,,,,2011,,,,,,1.0
AvailabilityFactor,BAU,ECU,AG_MAI,,,,2012,,,,,,1.0
AvailabilityFactor,BAU,ECU,AG_MAI,,,,2013,,,,,,1.0
AvailabilityFactor,BAU,ECU,AG_MAI,,,,2014,,,,,,1.0
AvailabilityFactor,BAU,ECU,AG_MAI,,,,2015,,,,,,1.0
AvailabilityFactor,BAU,ECU,AG_MAI,,,,2016,,,,,,1.0
AvailabilityFactor,BAU,ECU,AG_MAI,,,,2017,,,,,,1.0
AvailabilityFactor,BAU,ECU,AG_MAI,,,,2018,,,,,,1.0
AvailabilityFactor,BAU,ECU,AG_MAI,,,,2019,,,,,,1.0
AvailabilityFactor,BAU,ECU,AG_MAI,,,,2020,,,,,,1.0
AvailabilityFactor,BAU,ECU,AG_MAI,,,,2021,,,,,,1.0
AvailabilityFactor,BAU,ECU,AG_MAI,,,,2022,,,,,,1.0
AvailabilityFactor,BAU,ECU,AG_MAI,,,,2023,,,,,,1.0
AvailabilityFactor,BAU,ECU,AG_MAI,,,,2024,,,,,,1.0
AvailabilityFactor,BAU,ECU,AG_MAI,,,,2025,,,,,,1.0
AvailabilityFactor,BAU,ECU,AG_MAI,,,,2026,,,,,,1.0
AvailabilityFactor,BAU,ECU,AG_MAI,,,,2027,,,,,,1.0
AvailabilityFactor,BAU,ECU,AG_MAI,,,,2028,,,,,,1.0
AvailabilityFactor,BAU,ECU,AG_MAI,,,,2029,,,,,,1.0
AvailabilityFactor,BAU,ECU,AG_MAI,,,,2030,,,,,,1.0
AvailabilityFactor,BAU,ECU,AG_MAI,,,,2031,,,,,,1.0
AvailabilityFactor,BAU,ECU,AG_MAI,,,,2032,,,,,,1.0
AvailabilityFactor,BAU,ECU,AG_MAI,,,,2033,,,,,,1.0
AvailabilityFactor,BAU,ECU,AG_MAI,,,,2034,,,,,,1.0
AvailabilityFactor,BAU,ECU,AG_MAI,,,,2035,,,,,,1.0
AvailabilityFactor,BAU,ECU,AG_PAF,,,,2010,,,,,,1.0
AvailabilityFactor,BAU,ECU,AG_PAF,,,,2011,,,,,,1.0
AvailabilityFactor,BAU,ECU,AG_PAF,,,,2012,,,,,,1.0
AvailabilityFactor,BAU,ECU,AG_PAF,,,,2013,,,,,,1.0
AvailabilityFactor,BAU,ECU,AG_PAF,,,,2014,,,,,,1.0
AvailabilityFactor,BAU,ECU,AG_PAF,,,,2015,,,,,,1.0
AvailabilityFactor,BAU,ECU,AG_PAF,,,,2016,,,,,,1.0
AvailabilityFactor,BAU,ECU,AG_PAF,,,,2017,,,,,,1.0
AvailabilityFactor,BAU,ECU,AG_PAF,,,,2018,,,,,,1.0
AvailabilityFactor,BAU,ECU,AG_PAF,,,,2019,,,,,,1.0
AvailabilityFactor,BAU,ECU,AG_PAF,,,,2020,,,,,,1.0
AvailabilityFactor,BAU,ECU,AG_PAF,,,,2021,,,,,,1.0
AvailabilityFactor,BAU,ECU,AG_PAF,,,,2022,,,,,,1.0
AvailabilityFactor,BAU,ECU,AG_PAF,,,,2023,,,,,,1.0
AvailabilityFactor,BAU,ECU,AG_PAF,,,,2024,,,,,,1.0
AvailabilityFactor,BAU,ECU,AG_PAF,,,,2025,,,,,,1.0
AvailabilityFactor,BAU,ECU,AG_PAF,,,,2026,,,,,,1.0
AvailabilityFactor,BAU,ECU,AG_PAF,,,,2027,,,,,,1.0
AvailabilityFactor,BAU,ECU,AG_PAF,,,,2028,,,,,,1.0
AvailabilityFactor,BAU,ECU,AG_PAF,,,,2029,,,,,,1.0
AvailabilityFactor,BAU,ECU,AG_PAF,,,,2030,,,,,,1.0
AvailabilityFactor,BAU,ECU,AG_PAF,,,,2031,,,,,,1.0
AvailabilityFactor,BAU,ECU,AG_PAF,,,,2032,,,,,,1.0
AvailabilityFactor,BAU,ECU,AG_PAF,,,,2033,,,,,,1.0
AvailabilityFactor,BAU,ECU,AG_PAF,,,,2034,,,,,,1.0
AvailabilityFactor,BAU,ECU,AG_PAF,,,,2035,,,,,,1.0
AvailabilityFactor,BAU,ECU,AG_SOY,,,,2010,,,,,,1.0
AvailabilityFactor,BAU,ECU,AG_SOY,,,,2011,,,,,,1.0
AvailabilityFactor,BAU,ECU,AG_SOY,,,,2012,,,,,,1.0
AvailabilityFactor,BAU,ECU,AG_SOY,,,,2013,,,,,,1.0
AvailabilityFactor,BAU,ECU,AG_SOY,,,,2014,,,,,,1.0
AvailabilityFactor,BAU,ECU,AG_SOY,,,,2015,,,,,,1.0
AvailabilityFactor,BAU,ECU,AG_SOY,,,,2016,,,,,,1.0
AvailabilityFactor,BAU,ECU,AG_SOY,,,,2017,,,,,,1.0
AvailabilityFactor,BAU,ECU,AG_SOY,,,,2018,,,,,,1.0
AvailabilityFactor,BAU,ECU,AG_SOY,,,,2019,,,,,,1.0
AvailabilityFactor,BAU,ECU,AG_SOY,,,,2020,,,,,,1.0
AvailabilityFactor,BAU,ECU,AG_SOY,,,,2021,,,,,,1.0
AvailabilityFactor,BAU,ECU,AG_SOY,,,,2022,,,,,,1.0
AvailabilityFactor,BAU,ECU,AG_SOY,,,,2023,,,,,,1.0
AvailabilityFactor,BAU,ECU,AG_SOY,,,,2024,,,,,,1.0
AvailabilityFactor,BAU,ECU,AG_SOY,,,,2025,,,,,,1.0
AvailabilityFactor,BAU,ECU,AG_SOY,,,,2026,,,,,,1.0
AvailabilityFactor,BAU,ECU,AG_SOY,,,,2027,,,,,,1.0
AvailabilityFactor,BAU,ECU,AG_SOY,,,,2028,,,,,,1.0
AvailabilityFactor,BAU,ECU,AG_SOY,,,,2029,,,,,,1.0
AvailabilityFactor,BAU,ECU,AG_SOY,,,,2030,,,,,,1.0
AvailabilityFactor,BAU,ECU,AG_SOY,,,,2031,,,,,,1.0
AvailabilityFactor,BAU,ECU,AG_SOY,,,,2032,,,,,,1.0
AvailabilityFactor,BAU,ECU,AG_SOY,,,,2033,,,,,,1.0
AvailabilityFactor,BAU,ECU,AG_SOY,,,,2034,,,,,,1.0
AvailabilityFactor,BAU,ECU,AG_SOY,,,,2035,,,,,,1.0
AvailabilityFactor,BAU,ECU,AG_PAL,,,,2010,,,,,,1.0
AvailabilityFactor,BAU,ECU,AG_PAL,,,,2011,,,,,,1.0
AvailabilityFactor,BAU,ECU,AG_PAL,,,,2012,,,,,,1.0
AvailabilityFactor,BAU,ECU,AG_PAL,,,,2013,,,,,,1.0
AvailabilityFactor,BAU,ECU,AG_PAL,,,,2014,,,,,,1.0
AvailabilityFactor,BAU,ECU,AG_PAL,,,,2015,,,,,,1.0
AvailabilityFactor,BAU,ECU,AG_PAL,,,,2016,,,,,,1.0
AvailabilityFactor,BAU,ECU,AG_PAL,,,,2017,,,,,,1.0
AvailabilityFactor,BAU,ECU,AG_PAL,,,,2018,,,,,,1.0
AvailabilityFactor,BAU,ECU,AG_PAL,,,,2019,,,,,,1.0
AvailabilityFactor,BAU,ECU,AG_PAL,,,,2020,,,,,,1.0
AvailabilityFactor,BAU,ECU,AG_PAL,,,,2021,,,,,,1.0
AvailabilityFactor,BAU,ECU,AG_PAL,,,,2022,,,,,,1.0
AvailabilityFactor,BAU,ECU,AG_PAL,,,,2023,,,,,,1.0
AvailabilityFactor,BAU,ECU,AG_PAL,,,,2024,,,,,,1.0
AvailabilityFactor,BAU,ECU,AG_PAL,,,,2025,,,,,,1.0
AvailabilityFactor,BAU,ECU,AG_PAL,,,,2026,,,,,,1.0
AvailabilityFactor,BAU,ECU,AG_PAL,,,,2027,,,,,,1.0
AvailabilityFactor,BAU,ECU,AG_PAL,,,,2028,,,,,,1.0
AvailabilityFactor,BAU,ECU,AG_PAL,,,,2029,,,,,,1.0
AvailabilityFactor,BAU,ECU,AG_PAL,,,,2030,,,,,,1.0
AvailabilityFactor,BAU,ECU,AG_PAL,,,,2031,,,,,,1.0
AvailabilityFactor,BAU,ECU,AG_PAL,,,,2032,,,,,,1.0
AvailabilityFactor,BAU,ECU,AG_PAL,,,,2033,,,,,,1.0
AvailabilityFactor,BAU,ECU,AG_PAL,,,,2034,,,,,,1.0
AvailabilityFactor,BAU,ECU,AG_PAL,,,,2035,,,,,,1.0
AvailabilityFactor,BAU,ECU,AG_LEG,,,,2010,,,,,,1.0
AvailabilityFactor,BAU,ECU,AG_LEG,,,,2011,,,,,,1.0
AvailabilityFactor,BAU,ECU,AG_LEG,,,,2012,,,,,,1.0
AvailabilityFactor,BAU,ECU,AG_LEG,,,,2013,,,,,,1.0
AvailabilityFactor,BAU,ECU,AG_LEG,,,,2014,,,,,,1.0
AvailabilityFactor,BAU,ECU,AG_LEG,,,,2015,,,,,,1.0
AvailabilityFactor,BAU,ECU,AG_LEG,,,,2016,,,,,,1.0
AvailabilityFactor,BAU,ECU,AG_LEG,,,,2017,,,,,,1.0
AvailabilityFactor,BAU,ECU,AG_LEG,,,,2018,,,,,,1.0
AvailabilityFactor,BAU,ECU,AG_LEG,,,,2019,,,,,,1.0
AvailabilityFactor,BAU,ECU,AG_LEG,,,,2020,,,,,,1.0
AvailabilityFactor,BAU,ECU,AG_LEG,,,,2021,,,,,,1.0
AvailabilityFactor,BAU,ECU,AG_LEG,,,,2022,,,,,,1.0
AvailabilityFactor,BAU,ECU,AG_LEG,,,,2023,,,,,,1.0
AvailabilityFactor,BAU,ECU,AG_LEG,,,,2024,,,,,,1.0
AvailabilityFactor,BAU,ECU,AG_LEG,,,,2025,,,,,,1.0
AvailabilityFactor,BAU,ECU,AG_LEG,,,,2026,,,,,,1.0
AvailabilityFactor,BAU,ECU,AG_LEG,,,,2027,,,,,,1.0
AvailabilityFactor,BAU,ECU,AG_LEG,,,,2028,,,,,,1.0
AvailabilityFactor,BAU,ECU,AG_LEG,,,,2029,,,,,,1.0
AvailabilityFactor,BAU,ECU,AG_LEG,,,,2030,,,,,,1.0
AvailabilityFactor,BAU,ECU,AG_LEG,,,,2031,,,,,,1.0
AvailabilityFactor,BAU,ECU,AG_LEG,,,,2032,,,,,,1.0
AvailabilityFactor,BAU,ECU,AG_LEG,,,,2033,,,,,,1.0
AvailabilityFactor,BAU,ECU,AG_LEG,,,,2034,,,,,,1.0
AvailabilityFactor,BAU,ECU,AG_LEG,,,,2035,,,,,,1.0
AvailabilityFactor,BAU,ECU,AG_CER,,,,2010,,,,,,1.0
AvailabilityFactor,BAU,ECU,AG_CER,,,,2011,,,,,,1.0
AvailabilityFactor,BAU,ECU,AG_CER,,,,2012,,,,,,1.0
AvailabilityFactor,BAU,ECU,AG_CER,,,,2013,,,,,,1.0
AvailabilityFactor,BAU,ECU,AG_CER,,,,2014,,,,,,1.0
AvailabilityFactor,BAU,ECU,AG_CER,,,,2015,,,,,,1.0
AvailabilityFactor,BAU,ECU,AG_CER,,,,2016,,,,,,1.0
AvailabilityFactor,BAU,ECU,AG_CER,,,,2017,,,,,,1.0
AvailabilityFactor,BAU,ECU,AG_CER,,,,2018,,,,,,1.0
AvailabilityFactor,BAU,ECU,AG_CER,,,,2019,,,,,,1.0
AvailabilityFactor,BAU,ECU,AG_CER,,,,2020,,,,,,1.0
AvailabilityFactor,BAU,ECU,AG_CER,,,,2021,,,,,,1.0
AvailabilityFactor,BAU,ECU,AG_CER,,,,2022,,,,,,1.0
AvailabilityFactor,BAU,ECU,AG_CER,,,,2023,,,,,,1.0
AvailabilityFactor,BAU,ECU,AG_CER,,,,2024,,,,,,1.0
AvailabilityFactor,BAU,ECU,AG_CER,,,,2025,,,,,,1.0
AvailabilityFactor,BAU,ECU,AG_CER,,,,2026,,,,,,1.0
AvailabilityFactor,BAU,ECU,AG_CER,,,,2027,,,,,,1.0
AvailabilityFactor,BAU,ECU,AG_CER,,,,2028,,,,,,1.0
AvailabilityFactor,BAU,ECU,AG_CER,,,,2029,,,,,,1.0
AvailabilityFactor,BAU,ECU,AG_CER,,,,2030,,,,,,1.0
AvailabilityFactor,BAU,ECU,AG_CER,,,,2031,,,,,,1.0
AvailabilityFactor,BAU,ECU,AG_CER,,,,2032,,,,,,1.0
AvailabilityFactor,BAU,ECU,AG_CER,,,,2033,,,,,,1.0
AvailabilityFactor,BAU,ECU,AG_CER,,,,2034,,,,,,1.0
AvailabilityFactor,BAU,ECU,AG_CER,,,,2035,,,,,,1.0
AvailabilityFactor,BAU,ECU,AG_TUB,,,,2010,,,,,,1.0
AvailabilityFactor,BAU,ECU,AG_TUB,,,,2011,,,,,,1.0
AvailabilityFactor,BAU,ECU,AG_TUB,,,,2012,,,,,,1.0
AvailabilityFactor,BAU,ECU,AG_TUB,,,,2013,,,,,,1.0
AvailabilityFactor,BAU,ECU,AG_TUB,,,,2014,,,,,,1.0
AvailabilityFactor,BAU,ECU,AG_TUB,,,,2015,,,,,,1.0
AvailabilityFactor,BAU,ECU,AG_TUB,,,,2016,,,,,,1.0
AvailabilityFactor,BAU,ECU,AG_TUB,,,,2017,,,,,,1.0
AvailabilityFactor,BAU,ECU,AG_TUB,,,,2018,,,,,,1.0
AvailabilityFactor,BAU,ECU,AG_TUB,,,,2019,,,,,,1.0
AvailabilityFactor,BAU,ECU,AG_TUB,,,,2020,,,,,,1.0
AvailabilityFactor,BAU,ECU,AG_TUB,,,,2021,,,,,,1.0
AvailabilityFactor,BAU,ECU,AG_TUB,,,,2022,,,,,,1.0
AvailabilityFactor,BAU,ECU,AG_TUB,,,,2023,,,,,,1.0
AvailabilityFactor,BAU,ECU,AG_TUB,,,,2024,,,,,,1.0
AvailabilityFactor,BAU,ECU,AG_TUB,,,,2025,,,,,,1.0
AvailabilityFactor,BAU,ECU,AG_TUB,,,,2026,,,,,,1.0
AvailabilityFactor,BAU,ECU,AG_TUB,,,,2027,,,,,,1.0
AvailabilityFactor,BAU,ECU,AG_TUB,,,,2028,,,,,,1.0
AvailabilityFactor,BAU,ECU,AG_TUB,,,,2029,,,,,,1.0
AvailabilityFactor,BAU,ECU,AG_TUB,,,,2030,,,,,,1.0
AvailabilityFactor,BAU,ECU,AG_TUB,,,,2031,,,,,,1.0
AvailabilityFactor,BAU,ECU,AG_TUB,,,,2032,,,,,,1.0
AvailabilityFactor,BAU,ECU,AG_TUB,,,,2033,,,,,,1.0
AvailabilityFactor,BAU,ECU,AG_TUB,,,,2034,,,,,,1.0
AvailabilityFactor,BAU,ECU,AG_TUB,,,,2035,,,,,,1.0
AvailabilityFactor,BAU,ECU,AG_FRT,,,,2010,,,,,,1.0
AvailabilityFactor,BAU,ECU,AG_FRT,,,,2011,,,,,,1.0
AvailabilityFactor,BAU,ECU,AG_FRT,,,,2012,,,,,,1.0
AvailabilityFactor,BAU,ECU,AG_FRT,,,,2013,,,,,,1.0
AvailabilityFactor,BAU,ECU,AG_FRT,,,,2014,,,,,,1.0
AvailabilityFactor,BAU,ECU,AG_FRT,,,,2015,,,,,,1.0
AvailabilityFactor,BAU,ECU,AG_FRT,,,,2016,,,,,,1.0
AvailabilityFactor,BAU,ECU,AG_FRT,,,,2017,,,,,,1.0
AvailabilityFactor,BAU,ECU,AG_FRT,,,,2018,,,,,,1.0
AvailabilityFactor,BAU,ECU,AG_FRT,,,,2019,,,,,,1.0
AvailabilityFactor,BAU,ECU,AG_FRT,,,,2020,,,,,,1.0
AvailabilityFactor,BAU,ECU,AG_FRT,,,,2021,,,,,,1.0
AvailabilityFactor,BAU,ECU,AG_FRT,,,,2022,,,,,,1.0
AvailabilityFactor,BAU,ECU,AG_FRT,,,,2023,,,,,,1.0
AvailabilityFactor,BAU,ECU,AG_FRT,,,,2024,,,,,,1.0
AvailabilityFactor,BAU,ECU,AG_FRT,,,,2025,,,,,,1.0
AvailabilityFactor,BAU,ECU,AG_FRT,,,,2026,,,,,,1.0
AvailabilityFactor,BAU,ECU,AG_FRT,,,,2027,,,,,,1.0
AvailabilityFactor,BAU,ECU,AG_FRT,,,,2028,,,,,,1.0
AvailabilityFactor,BAU,ECU,AG_FRT,,,,2029,,,,,,1.0
AvailabilityFactor,BAU,ECU,AG_FRT,,,,2030,,,,,,1.0
AvailabilityFactor,BAU,ECU,AG_FRT,,,,2031,,,,,,1.0
AvailabilityFactor,BAU,ECU,AG_FRT,,,,2032,,,,,,1.0
AvailabilityFactor,BAU,ECU,AG_FRT,,,,2033,,,,,,1.0
AvailabilityFactor,BAU,ECU,AG_FRT,,,,2034,,,,,,1.0
AvailabilityFactor,BAU,ECU,AG_FRT,,,,2035,,,,,,1.0
AvailabilityFactor,BAU,ECU,AG_VEG,,,,2010,,,,,,1.0
AvailabilityFactor,BAU,ECU,AG_VEG,,,,2011,,,,,,1.0
AvailabilityFactor,BAU,ECU,AG_VEG,,,,2012,,,,,,1.0
AvailabilityFactor,BAU,ECU,AG_VEG,,,,2013,,,,,,1.0
AvailabilityFactor,BAU,ECU,AG_VEG,,,,2014,,,,,,1.0
AvailabilityFactor,BAU,ECU,AG_VEG,,,,2015,,,,,,1.0
AvailabilityFactor,BAU,ECU,AG_VEG,,,,2016,,,,,,1.0
AvailabilityFactor,BAU,ECU,AG_VEG,,,,2017,,,,,,1.0
AvailabilityFactor,BAU,ECU,AG_VEG,,,,2018,,,,,,1.0
AvailabilityFactor,BAU,ECU,AG_VEG,,,,2019,,,,,,1.0
AvailabilityFactor,BAU,ECU,AG_VEG,,,,2020,,,,,,1.0
AvailabilityFactor,BAU,ECU,AG_VEG,,,,2021,,,,,,1.0
AvailabilityFactor,BAU,ECU,AG_VEG,,,,2022,,,,,,1.0
AvailabilityFactor,BAU,ECU,AG_VEG,,,,2023,,,,,,1.0
AvailabilityFactor,BAU,ECU,AG_VEG,,,,2024,,,,,,1.0
AvailabilityFactor,BAU,ECU,AG_VEG,,,,2025,,,,,,1.0
AvailabilityFactor,BAU,ECU,AG_VEG,,,,2026,,,,,,1.0
AvailabilityFactor,BAU,ECU,AG_VEG,,,,2027,,,,,,1.0
AvailabilityFactor,BAU,ECU,AG_VEG,,,,2028,,,,,,1.0
AvailabilityFactor,BAU,ECU,AG_VEG,,,,2029,,,,,,1.0
AvailabilityFactor,BAU,ECU,AG_VEG,,,,2030,,,,,,1.0
AvailabilityFactor,BAU,ECU,AG_VEG,,,,2031,,,,,,1.0
AvailabilityFactor,BAU,ECU,AG_VEG,,,,2032,,,,,,1.0
AvailabilityFactor,BAU,ECU,AG_VEG,,,,2033,,,,,,1.0
AvailabilityFactor,BAU,ECU,AG_VEG,,,,2034,,,,,,1.0
AvailabilityFactor,BAU,ECU,AG_VEG,,,,2035,,,,,,1.0
AvailabilityFactor,BAU,ECU,AG_FLO,,,,2010,,,,,,1.0
AvailabilityFactor,BAU,ECU,AG_FLO,,,,2011,,,,,,1.0
AvailabilityFactor,BAU,ECU,AG_FLO,,,,2012,,,,,,1.0
AvailabilityFactor,BAU,ECU,AG_FLO,,,,2013,,,,,,1.0
AvailabilityFactor,BAU,ECU,AG_FLO,,,,2014,,,,,,1.0
AvailabilityFactor,BAU,ECU,AG_FLO,,,,2015,,,,,,1.0
AvailabilityFactor,BAU,ECU,AG_FLO,,,,2016,,,,,,1.0
AvailabilityFactor,BAU,ECU,AG_FLO,,,,2017,,,,,,1.0
AvailabilityFactor,BAU,ECU,AG_FLO,,,,2018,,,,,,1.0
AvailabilityFactor,BAU,ECU,AG_FLO,,,,2019,,,,,,1.0
AvailabilityFactor,BAU,ECU,AG_FLO,,,,2020,,,,,,1.0
AvailabilityFactor,BAU,ECU,AG_FLO,,,,2021,,,,,,1.0
AvailabilityFactor,BAU,ECU,AG_FLO,,,,2022,,,,,,1.0
AvailabilityFactor,BAU,ECU,AG_FLO,,,,2023,,,,,,1.0
AvailabilityFactor,BAU,ECU,AG_FLO,,,,2024,,,,,,1.0
AvailabilityFactor,BAU,ECU,AG_FLO,,,,2025,,,,,,1.0
AvailabilityFactor,BAU,ECU,AG_FLO,,,,2026,,,,,,1.0
AvailabilityFactor,BAU,ECU,AG_FLO,,,,2027,,,,,,1.0
AvailabilityFactor,BAU,ECU,AG_FLO,,,,2028,,,,,,1.0
AvailabilityFactor,BAU,ECU,AG_FLO,,,,2029,,,,,,1.0
AvailabilityFactor,BAU,ECU,AG_FLO,,,,2030,,,,,,1.0
AvailabilityFactor,BAU,ECU,AG_FLO,,,,2031,,,,,,1.0
AvailabilityFactor,BAU,ECU,AG_FLO,,,,2032,,,,,,1.0
AvailabilityFactor,BAU,ECU,AG_FLO,,,,2033,,,,,,1.0
AvailabilityFactor,BAU,ECU,AG_FLO,,,,2034,,,,,,1.0
AvailabilityFactor,BAU,ECU,AG_FLO,,,,2035,,,,,,1.0
AvailabilityFactor,BAU,ECU,GA_BOV,,,,2010,,,,,,1.0
AvailabilityFactor,BAU,ECU,GA_BOV,,,,2011,,,,,,1.0
AvailabilityFactor,BAU,ECU,GA_BOV,,,,2012,,,,,,1.0
AvailabilityFactor,BAU,ECU,GA_BOV,,,,2013,,,,,,1.0
AvailabilityFactor,BAU,ECU,GA_BOV,,,,2014,,,,,,1.0
AvailabilityFactor,BAU,ECU,GA_BOV,,,,2015,,,,,,1.0
AvailabilityFactor,BAU,ECU,GA_BOV,,,,2016,,,,,,1.0
AvailabilityFactor,BAU,ECU,GA_BOV,,,,2017,,,,,,1.0
AvailabilityFactor,BAU,ECU,GA_BOV,,,,2018,,,,,,1.0
AvailabilityFactor,BAU,ECU,GA_BOV,,,,2019,,,,,,1.0
AvailabilityFactor,BAU,ECU,GA_BOV,,,,2020,,,,,,1.0
AvailabilityFactor,BAU,ECU,GA_BOV,,,,2021,,,,,,1.0
AvailabilityFactor,BAU,ECU,GA_BOV,,,,2022,,,,,,1.0
AvailabilityFactor,BAU,ECU,GA_BOV,,,,2023,,,,,,1.0
AvailabilityFactor,BAU,ECU,GA_BOV,,,,2024,,,,,,1.0
AvailabilityFactor,BAU,ECU,GA_BOV,,,,2025,,,,,,1.0
AvailabilityFactor,BAU,ECU,GA_BOV,,,,2026,,,,,,1.0
AvailabilityFactor,BAU,ECU,GA_BOV,,,,2027,,,,,,1.0
AvailabilityFactor,BAU,ECU,GA_BOV,,,,2028,,,,,,1.0
AvailabilityFactor,BAU,ECU,GA_BOV,,,,2029,,,,,,1.0
AvailabilityFactor,BAU,ECU,GA_BOV,,,,2030,,,,,,1.0
AvailabilityFactor,BAU,ECU,GA_BOV,,,,2031,,,,,,1.0
AvailabilityFactor,BAU,ECU,GA_BOV,,,,2032,,,,,,1.0
AvailabilityFactor,BAU,ECU,GA_BOV,,,,2033,,,,,,1.0
AvailabilityFactor,BAU,ECU,GA_BOV,,,,2034,,,,,,1.0
AvailabilityFactor,BAU,ECU,GA_BOV,,,,2035,,,,,,1.0
AvailabilityFactor,BAU,ECU,GA_BOVVAC,,,,2010,,,,,,1.0
AvailabilityFactor,BAU,ECU,GA_BOVVAC,,,,2011,,,,,,1.0
AvailabilityFactor,BAU,ECU,GA_BOVVAC,,,,2012,,,,,,1.0
AvailabilityFactor,BAU,ECU,GA_BOVVAC,,,,2013,,,,,,1.0
AvailabilityFactor,BAU,ECU,GA_BOVVAC,,,,2014,,,,,,1.0
AvailabilityFactor,BAU,ECU,GA_BOVVAC,,,,2015,,,,,,1.0
AvailabilityFactor,BAU,ECU,GA_BOVVAC,,,,2016,,,,,,1.0
AvailabilityFactor,BAU,ECU,GA_BOVVAC,,,,2017,,,,,,1.0
AvailabilityFactor,BAU,ECU,GA_BOVVAC,,,,2018,,,,,,1.0
AvailabilityFactor,BAU,ECU,GA_BOVVAC,,,,2019,,,,,,1.0
AvailabilityFactor,BAU,ECU,GA_BOVVAC,,,,2020,,,,,,1.0
AvailabilityFactor,BAU,ECU,GA_BOVVAC,,,,2021,,,,,,1.0
AvailabilityFactor,BAU,ECU,GA_BOVVAC,,,,2022,,,,,,1.0
AvailabilityFactor,BAU,ECU,GA_BOVVAC,,,,2023,,,,,,1.0
AvailabilityFactor,BAU,ECU,GA_BOVVAC,,,,2024,,,,,,1.0
AvailabilityFactor,BAU,ECU,GA_BOVVAC,,,,2025,,,,,,1.0
AvailabilityFactor,BAU,ECU,GA_BOVVAC,,,,2026,,,,,,1.0
AvailabilityFactor,BAU,ECU,GA_BOVVAC,,,,2027,,,,,,1.0
AvailabilityFactor,BAU,ECU,GA_BOVVAC,,,,2028,,,,,,1.0
AvailabilityFactor,BAU,ECU,GA_BOVVAC,,,,2029,,,,,,1.0
AvailabilityFactor,BAU,ECU,GA_BOVVAC,,,,2030,,,,,,1.0
AvailabilityFactor,BAU,ECU,GA_BOVVAC,,,,2031,,,,,,1.0
AvailabilityFactor,BAU,ECU,GA_BOVVAC,,,,2032,,,,,,1.0
AvailabilityFactor,BAU,ECU,GA_BOVVAC,,,,2033,,,,,,1.0
AvailabilityFactor,BAU,ECU,GA_BOVVAC,,,,2034,,,,,,1.0
AvailabilityFactor,BAU,ECU,GA_BOVVAC,,,,2035,,,,,,1.0
AvailabilityFactor,BAU,ECU,GA_BOVCRE,,,,2010,,,,,,1.0
AvailabilityFactor,BAU,ECU,GA_BOVCRE,,,,2011,,,,,,1.0
AvailabilityFactor,BAU,ECU,GA_BOVCRE,,,,2012,,,,,,1.0
AvailabilityFactor,BAU,ECU,GA_BOVCRE,,,,2013,,,,,,1.0
AvailabilityFactor,BAU,ECU,GA_BOVCRE,,,,2014,,,,,,1.0
AvailabilityFactor,BAU,ECU,GA_BOVCRE,,,,2015,,,,,,1.0
AvailabilityFactor,BAU,ECU,GA_BOVCRE,,,,2016,,,,,,1.0
AvailabilityFactor,BAU,ECU,GA_BOVCRE,,,,2017,,,,,,1.0
AvailabilityFactor,BAU,ECU,GA_BOVCRE,,,,2018,,,,,,1.0
AvailabilityFactor,BAU,ECU,GA_BOVCRE,,,,2019,,,,,,1.0
AvailabilityFactor,BAU,ECU,GA_BOVCRE,,,,2020,,,,,,1.0
AvailabilityFactor,BAU,ECU,GA_BOVCRE,,,,2021,,,,,,1.0
AvailabilityFactor,BAU,ECU,GA_BOVCRE,,,,2022,,,,,,1.0
AvailabilityFactor,BAU,ECU,GA_BOVCRE,,,,2023,,,,,,1.0
AvailabilityFactor,BAU,ECU,GA_BOVCRE,,,,2024,,,,,,1.0
AvailabilityFactor,BAU,ECU,GA_BOVCRE,,,,2025,,,,,,1.0
AvailabilityFactor,BAU,ECU,GA_BOVCRE,,,,2026,,,,,,1.0
AvailabilityFactor,BAU,ECU,GA_BOVCRE,,,,2027,,,,,,1.0
AvailabilityFactor,BAU,ECU,GA_BOVCRE,,,,2028,,,,,,1.0
AvailabilityFactor,BAU,ECU,GA_BOVCRE,,,,2029,,,,,,1.0
AvailabilityFactor,BAU,ECU,GA_BOVCRE,,,,2030,,,,,,1.0
AvailabilityFactor,BAU,ECU,GA_BOVCRE,,,,2031,,,,,,1.0
AvailabilityFactor,BAU,ECU,GA_BOVCRE,,,,2032,,,,,,1.0
AvailabilityFactor,BAU,ECU,GA_BOVCRE,,,,2033,,,,,,1.0
AvailabilityFactor,BAU,ECU,GA_BOVCRE,,,,2034,,,,,,1.0
AvailabilityFactor,BAU,ECU,GA_BOVCRE,,,,2035,,,,,,1.0
AvailabilityFactor,BAU,ECU,GA_BOVLEC,,,,2010,,,,,,1.0
AvailabilityFactor,BAU,ECU,GA_BOVLEC,,,,2011,,,,,,1.0
AvailabilityFactor,BAU,ECU,GA_BOVLEC,,,,2012,,,,,,1.0
AvailabilityFactor,BAU,ECU,GA_BOVLEC,,,,2013,,,,,,1.0
AvailabilityFactor,BAU,ECU,GA_BOVLEC,,,,2014,,,,,,1.0
AvailabilityFactor,BAU,ECU,GA_BOVLEC,,,,2015,,,,,,1.0
AvailabilityFactor,BAU,ECU,GA_BOVLEC,,,,2016,,,,,,1.0
AvailabilityFactor,BAU,ECU,GA_BOVLEC,,,,2017,,,,,,1.0
AvailabilityFactor,BAU,ECU,GA_BOVLEC,,,,2018,,,,,,1.0
AvailabilityFactor,BAU,ECU,GA_BOVLEC,,,,2019,,,,,,1.0
AvailabilityFactor,BAU,ECU,GA_BOVLEC,,,,2020,,,,,,1.0
AvailabilityFactor,BAU,ECU,GA_BOVLEC,,,,2021,,,,,,1.0
AvailabilityFactor,BAU,ECU,GA_BOVLEC,,,,2022,,,,,,1.0
AvailabilityFactor,BAU,ECU,GA_BOVLEC,,,,2023,,,,,,1.0
AvailabilityFactor,BAU,ECU,GA_BOVLEC,,,,2024,,,,,,1.0
AvailabilityFactor,BAU,ECU,GA_BOVLEC,,,,2025,,,,,,1.0
AvailabilityFactor,BAU,ECU,GA_BOVLEC,,,,2026,,,,,,1.0
AvailabilityFactor,BAU,ECU,GA_BOVLEC,,,,2027,,,,,,1.0
AvailabilityFactor,BAU,ECU,GA_BOVLEC,,,,2028,,,,,,1.0
AvailabilityFactor,BAU,ECU,GA_BOVLEC,,,,2029,,,,,,1.0
AvailabilityFactor,BAU,ECU,GA_BOVLEC,,,,2030,,,,,,1.0
AvailabilityFactor,BAU,ECU,GA_BOVLEC,,,,2031,,,,,,1.0
AvailabilityFactor,BAU,ECU,GA_BOVLEC,,,,2032,,,,,,1.0
AvailabilityFactor,BAU,ECU,GA_BOVLEC,,,,2033,,,,,,1.0
AvailabilityFactor,BAU,ECU,GA_BOVLEC,,,,2034,,,,,,1.0
AvailabilityFactor,BAU,ECU,GA_BOVLEC,,,,2035,,,,,,1.0
AvailabilityFactor,BAU,ECU,GA_BOVREG,,,,2010,,,,,,1.0
AvailabilityFactor,BAU,ECU,GA_BOVREG,,,,2011,,,,,,1.0
AvailabilityFactor,BAU,ECU,GA_BOVREG,,,,2012,,,,,,1.0
AvailabilityFactor,BAU,ECU,GA_BOVREG,,,,2013,,,,,,1.0
AvailabilityFactor,BAU,ECU,GA_BOVREG,,,,2014,,,,,,1.0
AvailabilityFactor,BAU,ECU,GA_BOVREG,,,,2015,,,,,,1.0
AvailabilityFactor,BAU,ECU,GA_BOVREG,,,,2016,,,,,,1.0
AvailabilityFactor,BAU,ECU,GA_BOVREG,,,,2017,,,,,,1.0
AvailabilityFactor,BAU,ECU,GA_BOVREG,,,,2018,,,,,,1.0
AvailabilityFactor,BAU,ECU,GA_BOVREG,,,,2019,,,,,,1.0
AvailabilityFactor,BAU,ECU,GA_BOVREG,,,,2020,,,,,,1.0
AvailabilityFactor,BAU,ECU,GA_BOVREG,,,,2021,,,,,,1.0
AvailabilityFactor,BAU,ECU,GA_BOVREG,,,,2022,,,,,,1.0
AvailabilityFactor,BAU,ECU,GA_BOVREG,,,,2023,,,,,,1.0
AvailabilityFactor,BAU,ECU,GA_BOVREG,,,,2024,,,,,,1.0
AvailabilityFactor,BAU,ECU,GA_BOVREG,,,,2025,,,,,,1.0
AvailabilityFactor,BAU,ECU,GA_BOVREG,,,,2026,,,,,,1.0
AvailabilityFactor,BAU,ECU,GA_BOVREG,,,,2027,,,,,,1.0
AvailabilityFactor,BAU,ECU,GA_BOVREG,,,,2028,,,,,,1.0
AvailabilityFactor,BAU,ECU,GA_BOVREG,,,,2029,,,,,,1.0
AvailabilityFactor,BAU,ECU,GA_BOVREG,,,,2030,,,,,,1.0
AvailabilityFactor,BAU,ECU,GA_BOVREG,,,,2031,,,,,,1.0
AvailabilityFactor,BAU,ECU,GA_BOVREG,,,,2032,,,,,,1.0
AvailabilityFactor,BAU,ECU,GA_BOVREG,,,,2033,,,,,,1.0
AvailabilityFactor,BAU,ECU,GA_BOVREG,,,,2034,,,,,,1.0
AvailabilityFactor,BAU,ECU,GA_BOVREG,,,,2035,,,,,,1.0
AvailabilityFactor,BAU,ECU,GA_BOVVACREG,,,,2010,,,,,,1.0
AvailabilityFactor,BAU,ECU,GA_BOVVACREG,,,,2011,,,,,,1.0
AvailabilityFactor,BAU,ECU,GA_BOVVACREG,,,,2012,,,,,,1.0
AvailabilityFactor,BAU,ECU,GA_BOVVACREG,,,,2013,,,,,,1.0
AvailabilityFactor,BAU,ECU,GA_BOVVACREG,,,,2014,,,,,,1.0
AvailabilityFactor,BAU,ECU,GA_BOVVACREG,,,,2015,,,,,,1.0
AvailabilityFactor,BAU,ECU,GA_BOVVACREG,,,,2016,,,,,,1.0
AvailabilityFactor,BAU,ECU,GA_BOVVACREG,,,,2017,,,,,,1.0
AvailabilityFactor,BAU,ECU,GA_BOVVACREG,,,,2018,,,,,,1.0
AvailabilityFactor,BAU,ECU,GA_BOVVACREG,,,,2019,,,,,,1.0
AvailabilityFactor,BAU,ECU,GA_BOVVACREG,,,,2020,,,,,,1.0
AvailabilityFactor,BAU,ECU,GA_BOVVACREG,,,,2021,,,,,,1.0
AvailabilityFactor,BAU,ECU,GA_BOVVACREG,,,,2022,,,,,,1.0
AvailabilityFactor,BAU,ECU,GA_BOVVACREG,,,,2023,,,,,,1.0
AvailabilityFactor,BAU,ECU,GA_BOVVACREG,,,,2024,,,,,,1.0
AvailabilityFactor,BAU,ECU,GA_BOVVACREG,,,,2025,,,,,,1.0
AvailabilityFactor,BAU,ECU,GA_BOVVACREG,,,,2026,,,,,,1.0
AvailabilityFactor,BAU,ECU,GA_BOVVACREG,,,,2027,,,,,,1.0
AvailabilityFactor,BAU,ECU,GA_BOVVACREG,,,,2028,,,,,,1.0
AvailabilityFactor,BAU,ECU,GA_BOVVACREG,,,,2029,,,,,,1.0
AvailabilityFactor,BAU,ECU,GA_BOVVACREG,,,,2030,,,,,,1.0
AvailabilityFactor,BAU,ECU,GA_BOVVACREG,,,,2031,,,,,,1.0
AvailabilityFactor,BAU,ECU,GA_BOVVACREG,,,,2032,,,,,,1.0
AvailabilityFactor,BAU,ECU,GA_BOVVACREG,,,,2033,,,,,,1.0
AvailabilityFactor,BAU,ECU,GA_BOVVACREG,,,,2034,,,,,,1.0
AvailabilityFactor,BAU,ECU,GA_BOVVACREG,,,,2035,,,,,,1.0
AvailabilityFactor,BAU,ECU,GA_BOVCREREG,,,,2010,,,,,,1.0
AvailabilityFactor,BAU,ECU,GA_BOVCREREG,,,,2011,,,,,,1.0
AvailabilityFactor,BAU,ECU,GA_BOVCREREG,,,,2012,,,,,,1.0
AvailabilityFactor,BAU,ECU,GA_BOVCREREG,,,,2013,,,,,,1.0
AvailabilityFactor,BAU,ECU,GA_BOVCREREG,,,,2014,,,,,,1.0
AvailabilityFactor,BAU,ECU,GA_BOVCREREG,,,,2015,,,,,,1.0
AvailabilityFactor,BAU,ECU,GA_BOVCREREG,,,,2016,,,,,,1.0
AvailabilityFactor,BAU,ECU,GA_BOVCREREG,,,,2017,,,,,,1.0
AvailabilityFactor,BAU,ECU,GA_BOVCREREG,,,,2018,,,,,,1.0
AvailabilityFactor,BAU,ECU,GA_BOVCREREG,,,,2019,,,,,,1.0
AvailabilityFactor,BAU,ECU,GA_BOVCREREG,,,,2020,,,,,,1.0
AvailabilityFactor,BAU,ECU,GA_BOVCREREG,,,,2021,,,,,,1.0
AvailabilityFactor,BAU,ECU,GA_BOVCREREG,,,,2022,,,,,,1.0
AvailabilityFactor,BAU,ECU,GA_BOVCREREG,,,,2023,,,,,,1.0
AvailabilityFactor,BAU,ECU,GA_BOVCREREG,,,,2024,,,,,,1.0
AvailabilityFactor,BAU,ECU,GA_BOVCREREG,,,,2025,,,,,,1.0
AvailabilityFactor,BAU,ECU,GA_BOVCREREG,,,,2026,,,,,,1.0
AvailabilityFactor,BAU,ECU,GA_BOVCREREG,,,,2027,,,,,,1.0
AvailabilityFactor,BAU,ECU,GA_BOVCREREG,,,,2028,,,,,,1.0
AvailabilityFactor,BAU,ECU,GA_BOVCREREG,,,,2029,,,,,,1.0
AvailabilityFactor,BAU,ECU,GA_BOVCREREG,,,,2030,,,,,,1.0
AvailabilityFactor,BAU,ECU,GA_BOVCREREG,,,,2031,,,,,,1.0
AvailabilityFactor,BAU,ECU,GA_BOVCREREG,,,,2032,,,,,,1.0
AvailabilityFactor,BAU,ECU,GA_BOVCREREG,,,,2033,,,,,,1.0
AvailabilityFactor,BAU,ECU,GA_BOVCREREG,,,,2034,,,,,,1.0
AvailabilityFactor,BAU,ECU,GA_BOVCREREG,,,,2035,,,,,,1.0
AvailabilityFactor,BAU,ECU,GA_BOVLECREG,,,,2010,,,,,,1.0
AvailabilityFactor,BAU,ECU,GA_BOVLECREG,,,,2011,,,,,,1.0
AvailabilityFactor,BAU,ECU,GA_BOVLECREG,,,,2012,,,,,,1.0
AvailabilityFactor,BAU,ECU,GA_BOVLECREG,,,,2013,,,,,,1.0
AvailabilityFactor,BAU,ECU,GA_BOVLECREG,,,,2014,,,,,,1.0
AvailabilityFactor,BAU,ECU,GA_BOVLECREG,,,,2015,,,,,,1.0
AvailabilityFactor,BAU,ECU,GA_BOVLECREG,,,,2016,,,,,,1.0
AvailabilityFactor,BAU,ECU,GA_BOVLECREG,,,,2017,,,,,,1.0
AvailabilityFactor,BAU,ECU,GA_BOVLECREG,,,,2018,,,,,,1.0
AvailabilityFactor,BAU,ECU,GA_BOVLECREG,,,,2019,,,,,,1.0
AvailabilityFactor,BAU,ECU,GA_BOVLECREG,,,,2020,,,,,,1.0
AvailabilityFactor,BAU,ECU,GA_BOVLECREG,,,,2021,,,,,,1.0
AvailabilityFactor,BAU,ECU,GA_BOVLECREG,,,,2022,,,,,,1.0
AvailabilityFactor,BAU,ECU,GA_BOVLECREG,,,,2023,,,,,,1.0
AvailabilityFactor,BAU,ECU,GA_BOVLECREG,,,,2024,,,,,,1.0
AvailabilityFactor,BAU,ECU,GA_BOVLECREG,,,,2025,,,,,,1.0
AvailabilityFactor,BAU,ECU,GA_BOVLECREG,,,,2026,,,,,,1.0
AvailabilityFactor,BAU,ECU,GA_BOVLECREG,,,,2027,,,,,,1.0
AvailabilityFactor,BAU,ECU,GA_BOVLECREG,,,,2028,,,,,,1.0
AvailabilityFactor,BAU,ECU,GA_BOVLECREG,,,,2029,,,,,,1.0
AvailabilityFactor,BAU,ECU,GA_BOVLECREG,,,,2030,,,,,,1.0
AvailabilityFactor,BAU,ECU,GA_BOVLECREG,,,,2031,,,,,,1.0
AvailabilityFactor,BAU,ECU,GA_BOVLECREG,,,,2032,,,,,,1.0
AvailabilityFactor,BAU,ECU,GA_BOVLECREG,,,,2033,,,,,,1.0
AvailabilityFactor,BAU,ECU,GA_BOVLECREG,,,,2034,,,,,,1.0
AvailabilityFactor,BAU,ECU,GA_BOVLECREG,,,,2035,,,,,,1.0
AvailabilityFactor,BAU,ECU,GA_BUF,,,,2010,,,,,,1.0
AvailabilityFactor,BAU,ECU,GA_BUF,,,,2011,,,,,,1.0
AvailabilityFactor,BAU,ECU,GA_BUF,,,,2012,,,,,,1.0
AvailabilityFactor,BAU,ECU,GA_BUF,,,,2013,,,,,,1.0
AvailabilityFactor,BAU,ECU,GA_BUF,,,,2014,,,,,,1.0
AvailabilityFactor,BAU,ECU,GA_BUF,,,,2015,,,,,,1.0
AvailabilityFactor,BAU,ECU,GA_BUF,,,,2016,,,,,,1.0
AvailabilityFactor,BAU,ECU,GA_BUF,,,,2017,,,,,,1.0
AvailabilityFactor,BAU,ECU,GA_BUF,,,,2018,,,,,,1.0
AvailabilityFactor,BAU,ECU,GA_BUF,,,,2019,,,,,,1.0
AvailabilityFactor,BAU,ECU,GA_BUF,,,,2020,,,,,,1.0
AvailabilityFactor,BAU,ECU,GA_BUF,,,,2021,,,,,,1.0
AvailabilityFactor,BAU,ECU,GA_BUF,,,,2022,,,,,,1.0
AvailabilityFactor,BAU,ECU,GA_BUF,,,,2023,,,,,,1.0
AvailabilityFactor,BAU,ECU,GA_BUF,,,,2024,,,,,,1.0
AvailabilityFactor,BAU,ECU,GA_BUF,,,,2025,,,,,,1.0
AvailabilityFactor,BAU,ECU,GA_BUF,,,,2026,,,,,,1.0
AvailabilityFactor,BAU,ECU,GA_BUF,,,,2027,,,,,,1.0
AvailabilityFactor,BAU,ECU,GA_BUF,,,,2028,,,,,,1.0
AvailabilityFactor,BAU,ECU,GA_BUF,,,,2029,,,,,,1.0
AvailabilityFactor,BAU,ECU,GA_BUF,,,,2030,,,,,,1.0
AvailabilityFactor,BAU,ECU,GA_BUF,,,,2031,,,,,,1.0
AvailabilityFactor,BAU,ECU,GA_BUF,,,,2032,,,,,,1.0
AvailabilityFactor,BAU,ECU,GA_BUF,,,,2033,,,,,,1.0
AvailabilityFactor,BAU,ECU,GA_BUF,,,,2034,,,,,,1.0
AvailabilityFactor,BAU,ECU,GA_BUF,,,,2035,,,,,,1.0
AvailabilityFactor,BAU,ECU,GA_OVE,,,,2010,,,,,,1.0
AvailabilityFactor,BAU,ECU,GA_OVE,,,,2011,,,,,,1.0
AvailabilityFactor,BAU,ECU,GA_OVE,,,,2012,,,,,,1.0
AvailabilityFactor,BAU,ECU,GA_OVE,,,,2013,,,,,,1.0
AvailabilityFactor,BAU,ECU,GA_OVE,,,,2014,,,,,,1.0
AvailabilityFactor,BAU,ECU,GA_OVE,,,,2015,,,,,,1.0
AvailabilityFactor,BAU,ECU,GA_OVE,,,,2016,,,,,,1.0
AvailabilityFactor,BAU,ECU,GA_OVE,,,,2017,,,,,,1.0
AvailabilityFactor,BAU,ECU,GA_OVE,,,,2018,,,,,,1.0
AvailabilityFactor,BAU,ECU,GA_OVE,,,,2019,,,,,,1.0
AvailabilityFactor,BAU,ECU,GA_OVE,,,,2020,,,,,,1.0
AvailabilityFactor,BAU,ECU,GA_OVE,,,,2021,,,,,,1.0
AvailabilityFactor,BAU,ECU,GA_OVE,,,,2022,,,,,,1.0
AvailabilityFactor,BAU,ECU,GA_OVE,,,,2023,,,,,,1.0
AvailabilityFactor,BAU,ECU,GA_OVE,,,,2024,,,,,,1.0
AvailabilityFactor,BAU,ECU,GA_OVE,,,,2025,,,,,,1.0
AvailabilityFactor,BAU,ECU,GA_OVE,,,,2026,,,,,,1.0
AvailabilityFactor,BAU,ECU,GA_OVE,,,,2027,,,,,,1.0
AvailabilityFactor,BAU,ECU,GA_OVE,,,,2028,,,,,,1.0
AvailabilityFactor,BAU,ECU,GA_OVE,,,,2029,,,,,,1.0
AvailabilityFactor,BAU,ECU,GA_OVE,,,,2030,,,,,,1.0
AvailabilityFactor,BAU,ECU,GA_OVE,,,,2031,,,,,,1.0
AvailabilityFactor,BAU,ECU,GA_OVE,,,,2032,,,,,,1.0
AvailabilityFactor,BAU,ECU,GA_OVE,,,,2033,,,,,,1.0
AvailabilityFactor,BAU,ECU,GA_OVE,,,,2034,,,,,,1.0
AvailabilityFactor,BAU,ECU,GA_OVE,,,,2035,,,,,,1.0
AvailabilityFactor,BAU,ECU,GA_CBR,,,,2010,,,,,,1.0
AvailabilityFactor,BAU,ECU,GA_CBR,,,,2011,,,,,,1.0
AvailabilityFactor,BAU,ECU,GA_CBR,,,,2012,,,,,,1.0
AvailabilityFactor,BAU,ECU,GA_CBR,,,,2013,,,,,,1.0
AvailabilityFactor,BAU,ECU,GA_CBR,,,,2014,,,,,,1.0
AvailabilityFactor,BAU,ECU,GA_CBR,,,,2015,,,,,,1.0
AvailabilityFactor,BAU,ECU,GA_CBR,,,,2016,,,,,,1.0
AvailabilityFactor,BAU,ECU,GA_CBR,,,,2017,,,,,,1.0
AvailabilityFactor,BAU,ECU,GA_CBR,,,,2018,,,,,,1.0
AvailabilityFactor,BAU,ECU,GA_CBR,,,,2019,,,,,,1.0
AvailabilityFactor,BAU,ECU,GA_CBR,,,,2020,,,,,,1.0
AvailabilityFactor,BAU,ECU,GA_CBR,,,,2021,,,,,,1.0
AvailabilityFactor,BAU,ECU,GA_CBR,,,,2022,,,,,,1.0
AvailabilityFactor,BAU,ECU,GA_CBR,,,,2023,,,,,,1.0
AvailabilityFactor,BAU,ECU,GA_CBR,,,,2024,,,,,,1.0
AvailabilityFactor,BAU,ECU,GA_CBR,,,,2025,,,,,,1.0
AvailabilityFactor,BAU,ECU,GA_CBR,,,,2026,,,,,,1.0
AvailabilityFactor,BAU,ECU,GA_CBR,,,,2027,,,,,,1.0
AvailabilityFactor,BAU,ECU,GA_CBR,,,,2028,,,,,,1.0
AvailabilityFactor,BAU,ECU,GA_CBR,,,,2029,,,,,,1.0
AvailabilityFactor,BAU,ECU,GA_CBR,,,,2030,,,,,,1.0
AvailabilityFactor,BAU,ECU,GA_CBR,,,,2031,,,,,,1.0
AvailabilityFactor,BAU,ECU,GA_CBR,,,,2032,,,,,,1.0
AvailabilityFactor,BAU,ECU,GA_CBR,,,,2033,,,,,,1.0
AvailabilityFactor,BAU,ECU,GA_CBR,,,,2034,,,,,,1.0
AvailabilityFactor,BAU,ECU,GA_CBR,,,,2035,,,,,,1.0
AvailabilityFactor,BAU,ECU,GA_CAM,,,,2010,,,,,,1.0
AvailabilityFactor,BAU,ECU,GA_CAM,,,,2011,,,,,,1.0
AvailabilityFactor,BAU,ECU,GA_CAM,,,,2012,,,,,,1.0
AvailabilityFactor,BAU,ECU,GA_CAM,,,,2013,,,,,,1.0
AvailabilityFactor,BAU,ECU,GA_CAM,,,,2014,,,,,,1.0
AvailabilityFactor,BAU,ECU,GA_CAM,,,,2015,,,,,,1.0
AvailabilityFactor,BAU,ECU,GA_CAM,,,,2016,,,,,,1.0
AvailabilityFactor,BAU,ECU,GA_CAM,,,,2017,,,,,,1.0
AvailabilityFactor,BAU,ECU,GA_CAM,,,,2018,,,,,,1.0
AvailabilityFactor,BAU,ECU,GA_CAM,,,,2019,,,,,,1.0
AvailabilityFactor,BAU,ECU,GA_CAM,,,,2020,,,,,,1.0
AvailabilityFactor,BAU,ECU,GA_CAM,,,,2021,,,,,,1.0
AvailabilityFactor,BAU,ECU,GA_CAM,,,,2022,,,,,,1.0
AvailabilityFactor,BAU,ECU,GA_CAM,,,,2023,,,,,,1.0
AvailabilityFactor,BAU,ECU,GA_CAM,,,,2024,,,,,,1.0
AvailabilityFactor,BAU,ECU,GA_CAM,,,,2025,,,,,,1.0
AvailabilityFactor,BAU,ECU,GA_CAM,,,,2026,,,,,,1.0
AvailabilityFactor,BAU,ECU,GA_CAM,,,,2027,,,,,,1.0
AvailabilityFactor,BAU,ECU,GA_CAM,,,,2028,,,,,,1.0
AvailabilityFactor,BAU,ECU,GA_CAM,,,,2029,,,,,,1.0
AvailabilityFactor,BAU,ECU,GA_CAM,,,,2030,,,,,,1.0
AvailabilityFactor,BAU,ECU,GA_CAM,,,,2031,,,,,,1.0
AvailabilityFactor,BAU,ECU,GA_CAM,,,,2032,,,,,,1.0
AvailabilityFactor,BAU,ECU,GA_CAM,,,,2033,,,,,,1.0
AvailabilityFactor,BAU,ECU,GA_CAM,,,,2034,,,,,,1.0
AvailabilityFactor,BAU,ECU,GA_CAM,,,,2035,,,,,,1.0
AvailabilityFactor,BAU,ECU,GA_CAB,,,,2010,,,,,,1.0
AvailabilityFactor,BAU,ECU,GA_CAB,,,,2011,,,,,,1.0
AvailabilityFactor,BAU,ECU,GA_CAB,,,,2012,,,,,,1.0
AvailabilityFactor,BAU,ECU,GA_CAB,,,,2013,,,,,,1.0
AvailabilityFactor,BAU,ECU,GA_CAB,,,,2014,,,,,,1.0
AvailabilityFactor,BAU,ECU,GA_CAB,,,,2015,,,,,,1.0
AvailabilityFactor,BAU,ECU,GA_CAB,,,,2016,,,,,,1.0
AvailabilityFactor,BAU,ECU,GA_CAB,,,,2017,,,,,,1.0
AvailabilityFactor,BAU,ECU,GA_CAB,,,,2018,,,,,,1.0
AvailabilityFactor,BAU,ECU,GA_CAB,,,,2019,,,,,,1.0
AvailabilityFactor,BAU,ECU,GA_CAB,,,,2020,,,,,,1.0
AvailabilityFactor,BAU,ECU,GA_CAB,,,,2021,,,,,,1.0
AvailabilityFactor,BAU,ECU,GA_CAB,,,,2022,,,,,,1.0
AvailabilityFactor,BAU,ECU,GA_CAB,,,,2023,,,,,,1.0
AvailabilityFactor,BAU,ECU,GA_CAB,,,,2024,,,,,,1.0
AvailabilityFactor,BAU,ECU,GA_CAB,,,,2025,,,,,,1.0
AvailabilityFactor,BAU,ECU,GA_CAB,,,,2026,,,,,,1.0
AvailabilityFactor,BAU,ECU,GA_CAB,,,,2027,,,,,,1.0
AvailabilityFactor,BAU,ECU,GA_CAB,,,,2028,,,,,,1.0
AvailabilityFactor,BAU,ECU,GA_CAB,,,,2029,,,,,,1.0
AvailabilityFactor,BAU,ECU,GA_CAB,,,,2030,,,,,,1.0
AvailabilityFactor,BAU,ECU,GA_CAB,,,,2031,,,,,,1.0
AvailabilityFactor,BAU,ECU,GA_CAB,,,,2032,,,,,,1.0
AvailabilityFactor,BAU,ECU,GA_CAB,,,,2033,,,,,,1.0
AvailabilityFactor,BAU,ECU,GA_CAB,,,,2034,,,,,,1.0
AvailabilityFactor,BAU,ECU,GA_CAB,,,,2035,,,,,,1.0
AvailabilityFactor,BAU,ECU,GA_MUL,,,,2010,,,,,,1.0
AvailabilityFactor,BAU,ECU,GA_MUL,,,,2011,,,,,,1.0
AvailabilityFactor,BAU,ECU,GA_MUL,,,,2012,,,,,,1.0
AvailabilityFactor,BAU,ECU,GA_MUL,,,,2013,,,,,,1.0
AvailabilityFactor,BAU,ECU,GA_MUL,,,,2014,,,,,,1.0
AvailabilityFactor,BAU,ECU,GA_MUL,,,,2015,,,,,,1.0
AvailabilityFactor,BAU,ECU,GA_MUL,,,,2016,,,,,,1.0
AvailabilityFactor,BAU,ECU,GA_MUL,,,,2017,,,,,,1.0
AvailabilityFactor,BAU,ECU,GA_MUL,,,,2018,,,,,,1.0
AvailabilityFactor,BAU,ECU,GA_MUL,,,,2019,,,,,,1.0
AvailabilityFactor,BAU,ECU,GA_MUL,,,,2020,,,,,,1.0
AvailabilityFactor,BAU,ECU,GA_MUL,,,,2021,,,,,,1.0
AvailabilityFactor,BAU,ECU,GA_MUL,,,,2022,,,,,,1.0
AvailabilityFactor,BAU,ECU,GA_MUL,,,,2023,,,,,,1.0
AvailabilityFactor,BAU,ECU,GA_MUL,,,,2024,,,,,,1.0
AvailabilityFactor,BAU,ECU,GA_MUL,,,,2025,,,,,,1.0
AvailabilityFactor,BAU,ECU,GA_MUL,,,,2026,,,,,,1.0
AvailabilityFactor,BAU,ECU,GA_MUL,,,,2027,,,,,,1.0
AvailabilityFactor,BAU,ECU,GA_MUL,,,,2028,,,,,,1.0
AvailabilityFactor,BAU,ECU,GA_MUL,,,,2029,,,,,,1.0
AvailabilityFactor,BAU,ECU,GA_MUL,,,,2030,,,,,,1.0
AvailabilityFactor,BAU,ECU,GA_MUL,,,,2031,,,,,,1.0
AvailabilityFactor,BAU,ECU,GA_MUL,,,,2032,,,,,,1.0
AvailabilityFactor,BAU,ECU,GA_MUL,,,,2033,,,,,,1.0
AvailabilityFactor,BAU,ECU,GA_MUL,,,,2034,,,,,,1.0
AvailabilityFactor,BAU,ECU,GA_MUL,,,,2035,,,,,,1.0
AvailabilityFactor,BAU,ECU,GA_POR,,,,2010,,,,,,1.0
AvailabilityFactor,BAU,ECU,GA_POR,,,,2011,,,,,,1.0
AvailabilityFactor,BAU,ECU,GA_POR,,,,2012,,,,,,1.0
AvailabilityFactor,BAU,ECU,GA_POR,,,,2013,,,,,,1.0
AvailabilityFactor,BAU,ECU,GA_POR,,,,2014,,,,,,1.0
AvailabilityFactor,BAU,ECU,GA_POR,,,,2015,,,,,,1.0
AvailabilityFactor,BAU,ECU,GA_POR,,,,2016,,,,,,1.0
AvailabilityFactor,BAU,ECU,GA_POR,,,,2017,,,,,,1.0
AvailabilityFactor,BAU,ECU,GA_POR,,,,2018,,,,,,1.0
AvailabilityFactor,BAU,ECU,GA_POR,,,,2019,,,,,,1.0
AvailabilityFactor,BAU,ECU,GA_POR,,,,2020,,,,,,1.0
AvailabilityFactor,BAU,ECU,GA_POR,,,,2021,,,,,,1.0
AvailabilityFactor,BAU,ECU,GA_POR,,,,2022,,,,,,1.0
AvailabilityFactor,BAU,ECU,GA_POR,,,,2023,,,,,,1.0
AvailabilityFactor,BAU,ECU,GA_POR,,,,2024,,,,,,1.0
AvailabilityFactor,BAU,ECU,GA_POR,,,,2025,,,,,,1.0
AvailabilityFactor,BAU,ECU,GA_POR,,,,2026,,,,,,1.0
AvailabilityFactor,BAU,ECU,GA_POR,,,,2027,,,,,,1.0
AvailabilityFactor,BAU,ECU,GA_POR,,,,2028,,,,,,1.0
AvailabilityFactor,BAU,ECU,GA_POR,,,,2029,,,,,,1.0
AvailabilityFactor,BAU,ECU,GA_POR,,,,2030,,,,,,1.0
AvailabilityFactor,BAU,ECU,GA_POR,,,,2031,,,,,,1.0
AvailabilityFactor,BAU,ECU,GA_POR,,,,2032,,,,,,1.0
AvailabilityFactor,BAU,ECU,GA_POR,,,,2033,,,,,,1.0
AvailabilityFactor,BAU,ECU,GA_POR,,,,2034,,,,,,1.0
AvailabilityFactor,BAU,ECU,GA_POR,,,,2035,,,,,,1.0
AvailabilityFactor,BAU,ECU,GA_AVE,,,,2010,,,,,,1.0
AvailabilityFactor,BAU,ECU,GA_AVE,,,,2011,,,,,,1.0
AvailabilityFactor,BAU,ECU,GA_AVE,,,,2012,,,,,,1.0
AvailabilityFactor,BAU,ECU,GA_AVE,,,,2013,,,,,,1.0
AvailabilityFactor,BAU,ECU,GA_AVE,,,,2014,,,,,,1.0
AvailabilityFactor,BAU,ECU,GA_AVE,,,,2015,,,,,,1.0
AvailabilityFactor,BAU,ECU,GA_AVE,,,,2016,,,,,,1.0
AvailabilityFactor,BAU,ECU,GA_AVE,,,,2017,,,,,,1.0
AvailabilityFactor,BAU,ECU,GA_AVE,,,,2018,,,,,,1.0
AvailabilityFactor,BAU,ECU,GA_AVE,,,,2019,,,,,,1.0
AvailabilityFactor,BAU,ECU,GA_AVE,,,,2020,,,,,,1.0
AvailabilityFactor,BAU,ECU,GA_AVE,,,,2021,,,,,,1.0
AvailabilityFactor,BAU,ECU,GA_AVE,,,,2022,,,,,,1.0
AvailabilityFactor,BAU,ECU,GA_AVE,,,,2023,,,,,,1.0
AvailabilityFactor,BAU,ECU,GA_AVE,,,,2024,,,,,,1.0
AvailabilityFactor,BAU,ECU,GA_AVE,,,,2025,,,,,,1.0
AvailabilityFactor,BAU,ECU,GA_AVE,,,,2026,,,,,,1.0
AvailabilityFactor,BAU,ECU,GA_AVE,,,,2027,,,,,,1.0
AvailabilityFactor,BAU,ECU,GA_AVE,,,,2028,,,,,,1.0
AvailabilityFactor,BAU,ECU,GA_AVE,,,,2029,,,,,,1.0
AvailabilityFactor,BAU,ECU,GA_AVE,,,,2030,,,,,,1.0
AvailabilityFactor,BAU,ECU,GA_AVE,,,,2031,,,,,,1.0
AvailabilityFactor,BAU,ECU,GA_AVE,,,,2032,,,,,,1.0
AvailabilityFactor,BAU,ECU,GA_AVE,,,,2033,,,,,,1.0
AvailabilityFactor,BAU,ECU,GA_AVE,,,,2034,,,,,,1.0
AvailabilityFactor,BAU,ECU,GA_AVE,,,,2035,,,,,,1.0
AvailabilityFactor,BAU,ECU,GA_PAT,,,,2010,,,,,,1.0
AvailabilityFactor,BAU,ECU,GA_PAT,,,,2011,,,,,,1.0
AvailabilityFactor,BAU,ECU,GA_PAT,,,,2012,,,,,,1.0
AvailabilityFactor,BAU,ECU,GA_PAT,,,,2013,,,,,,1.0
AvailabilityFactor,BAU,ECU,GA_PAT,,,,2014,,,,,,1.0
AvailabilityFactor,BAU,ECU,GA_PAT,,,,2015,,,,,,1.0
AvailabilityFactor,BAU,ECU,GA_PAT,,,,2016,,,,,,1.0
AvailabilityFactor,BAU,ECU,GA_PAT,,,,2017,,,,,,1.0
AvailabilityFactor,BAU,ECU,GA_PAT,,,,2018,,,,,,1.0
AvailabilityFactor,BAU,ECU,GA_PAT,,,,2019,,,,,,1.0
AvailabilityFactor,BAU,ECU,GA_PAT,,,,2020,,,,,,1.0
AvailabilityFactor,BAU,ECU,GA_PAT,,,,2021,,,,,,1.0
AvailabilityFactor,BAU,ECU,GA_PAT,,,,2022,,,,,,1.0
AvailabilityFactor,BAU,ECU,GA_PAT,,,,2023,,,,,,1.0
AvailabilityFactor,BAU,ECU,GA_PAT,,,,2024,,,,,,1.0
AvailabilityFactor,BAU,ECU,GA_PAT,,,,2025,,,,,,1.0
AvailabilityFactor,BAU,ECU,GA_PAT,,,,2026,,,,,,1.0
AvailabilityFactor,BAU,ECU,GA_PAT,,,,2027,,,,,,1.0
AvailabilityFactor,BAU,ECU,GA_PAT,,,,2028,,,,,,1.0
AvailabilityFactor,BAU,ECU,GA_PAT,,,,2029,,,,,,1.0
AvailabilityFactor,BAU,ECU,GA_PAT,,,,2030,,,,,,1.0
AvailabilityFactor,BAU,ECU,GA_PAT,,,,2031,,,,,,1.0
AvailabilityFactor,BAU,ECU,GA_PAT,,,,2032,,,,,,1.0
AvailabilityFactor,BAU,ECU,GA_PAT,,,,2033,,,,,,1.0
AvailabilityFactor,BAU,ECU,GA_PAT,,,,2034,,,,,,1.0
AvailabilityFactor,BAU,ECU,GA_PAT,,,,2035,,,,,,1.0
AvailabilityFactor,BAU,ECU,GA_PAV,,,,2010,,,,,,1.0
AvailabilityFactor,BAU,ECU,GA_PAV,,,,2011,,,,,,1.0
AvailabilityFactor,BAU,ECU,GA_PAV,,,,2012,,,,,,1.0
AvailabilityFactor,BAU,ECU,GA_PAV,,,,2013,,,,,,1.0
AvailabilityFactor,BAU,ECU,GA_PAV,,,,2014,,,,,,1.0
AvailabilityFactor,BAU,ECU,GA_PAV,,,,2015,,,,,,1.0
AvailabilityFactor,BAU,ECU,GA_PAV,,,,2016,,,,,,1.0
AvailabilityFactor,BAU,ECU,GA_PAV,,,,2017,,,,,,1.0
AvailabilityFactor,BAU,ECU,GA_PAV,,,,2018,,,,,,1.0
AvailabilityFactor,BAU,ECU,GA_PAV,,,,2019,,,,,,1.0
AvailabilityFactor,BAU,ECU,GA_PAV,,,,2020,,,,,,1.0
AvailabilityFactor,BAU,ECU,GA_PAV,,,,2021,,,,,,1.0
AvailabilityFactor,BAU,ECU,GA_PAV,,,,2022,,,,,,1.0
AvailabilityFactor,BAU,ECU,GA_PAV,,,,2023,,,,,,1.0
AvailabilityFactor,BAU,ECU,GA_PAV,,,,2024,,,,,,1.0
AvailabilityFactor,BAU,ECU,GA_PAV,,,,2025,,,,,,1.0
AvailabilityFactor,BAU,ECU,GA_PAV,,,,2026,,,,,,1.0
AvailabilityFactor,BAU,ECU,GA_PAV,,,,2027,,,,,,1.0
AvailabilityFactor,BAU,ECU,GA_PAV,,,,2028,,,,,,1.0
AvailabilityFactor,BAU,ECU,GA_PAV,,,,2029,,,,,,1.0
AvailabilityFactor,BAU,ECU,GA_PAV,,,,2030,,,,,,1.0
AvailabilityFactor,BAU,ECU,GA_PAV,,,,2031,,,,,,1.0
AvailabilityFactor,BAU,ECU,GA_PAV,,,,2032,,,,,,1.0
AvailabilityFactor,BAU,ECU,GA_PAV,,,,2033,,,,,,1.0
AvailabilityFactor,BAU,ECU,GA_PAV,,,,2034,,,,,,1.0
AvailabilityFactor,BAU,ECU,GA_PAV,,,,2035,,,,,,1.0
AvailabilityFactor,BAU,ECU,GA_PON,,,,2010,,,,,,1.0
AvailabilityFactor,BAU,ECU,GA_PON,,,,2011,,,,,,1.0
AvailabilityFactor,BAU,ECU,GA_PON,,,,2012,,,,,,1.0
AvailabilityFactor,BAU,ECU,GA_PON,,,,2013,,,,,,1.0
AvailabilityFactor,BAU,ECU,GA_PON,,,,2014,,,,,,1.0
AvailabilityFactor,BAU,ECU,GA_PON,,,,2015,,,,,,1.0
AvailabilityFactor,BAU,ECU,GA_PON,,,,2016,,,,,,1.0
AvailabilityFactor,BAU,ECU,GA_PON,,,,2017,,,,,,1.0
AvailabilityFactor,BAU,ECU,GA_PON,,,,2018,,,,,,1.0
AvailabilityFactor,BAU,ECU,GA_PON,,,,2019,,,,,,1.0
AvailabilityFactor,BAU,ECU,GA_PON,,,,2020,,,,,,1.0
AvailabilityFactor,BAU,ECU,GA_PON,,,,2021,,,,,,1.0
AvailabilityFactor,BAU,ECU,GA_PON,,,,2022,,,,,,1.0
AvailabilityFactor,BAU,ECU,GA_PON,,,,2023,,,,,,1.0
AvailabilityFactor,BAU,ECU,GA_PON,,,,2024,,,,,,1.0
AvailabilityFactor,BAU,ECU,GA_PON,,,,2025,,,,,,1.0
AvailabilityFactor,BAU,ECU,GA_PON,,,,2026,,,,,,1.0
AvailabilityFactor,BAU,ECU,GA_PON,,,,2027,,,,,,1.0
AvailabilityFactor,BAU,ECU,GA_PON,,,,2028,,,,,,1.0
AvailabilityFactor,BAU,ECU,GA_PON,,,,2029,,,,,,1.0
AvailabilityFactor,BAU,ECU,GA_PON,,,,2030,,,,,,1.0
AvailabilityFactor,BAU,ECU,GA_PON,,,,2031,,,,,,1.0
AvailabilityFactor,BAU,ECU,GA_PON,,,,2032,,,,,,1.0
AvailabilityFactor,BAU,ECU,GA_PON,,,,2033,,,,,,1.0
AvailabilityFactor,BAU,ECU,GA_PON,,,,2034,,,,,,1.0
AvailabilityFactor,BAU,ECU,GA_PON,,,,2035,,,,,,1.0
