PARAMETER,Scenario,REGION,TECHNOLOGY,FUEL,EMISSION,MODE_OF_OPERATION,YEAR,TIMESLICE,SEASON,DAYTYPE,DAILYTIMEBRACKET,STORAGE,Value
EmissionActivityRatio,BAU,Guatemala,AG1a,,co2e,1,2016,,,,,,0.0
EmissionActivityRatio,BAU,Guatemala,AG1a,,co2e,1,2017,,,,,,0.0
EmissionActivityRatio,BAU,Guatemala,AG1a,,co2e,1,2018,,,,,,0.0
EmissionActivityRatio,BAU,Guatemala,AG1a,,co2e,1,2019,,,,,,0.0
EmissionActivityRatio,BAU,Guatemala,AG1a,,co2e,1,2020,,,,,,0.0
EmissionActivityRatio,BAU,Guatemala,AG1a,,co2e,1,2021,,,,,,0.0
EmissionActivityRatio,BAU,Guatemala,AG1a,,co2e,1,2022,,,,,,0.0
EmissionActivityRatio,BAU,Guatemala,AG1a,,co2e,1,2023,,,,,,0.0
EmissionActivityRatio,BAU,Guatemala,AG1a,,co2e,1,2024,,,,,,0.0
EmissionActivityRatio,BAU,Guatemala,AG1a,,co2e,1,2025,,,,,,0.0
EmissionActivityRatio,BAU,Guatemala,AG1a,,co2e,1,2026,,,,,,-0.1144
EmissionActivityRatio,BAU,Guatemala,AG1a,,co2e,1,2027,,,,,,-0.2288
EmissionActivityRatio,BAU,Guatemala,AG1a,,co2e,1,2028,,,,,,-0.34319999999999995
EmissionActivityRatio,BAU,Guatemala,AG1a,,co2e,1,2029,,,,,,-0.4576
EmissionActivityRatio,BAU,Guatemala,AG1a,,co2e,1,2030,,,,,,-0.572
EmissionActivityRatio,BAU,Guatemala,AG1a,,co2e,1,2031,,,,,,-0.6864
EmissionActivityRatio,BAU,Guatemala,AG1a,,co2e,1,2032,,,,,,-0.8008000000000001
EmissionActivityRatio,BAU,Guatemala,AG1a,,co2e,1,2033,,,,,,-0.9152
EmissionActivityRatio,BAU,Guatemala,AG1a,,co2e,1,2034,,,,,,-1.0295999999999998
EmissionActivityRatio,BAU,Guatemala,AG1a,,co2e,1,2035,,,,,,-1.144
EmissionActivityRatio,BAU,Guatemala,AG1a,,co2e,1,2036,,,,,,-1.2583999999999997
EmissionActivityRatio,BAU,Guatemala,AG1a,,co2e,1,2037,,,,,,-1.3727999999999998
EmissionActivityRatio,BAU,Guatemala,AG1a,,co2e,1,2038,,,,,,-1.4871999999999996
EmissionActivityRatio,BAU,Guatemala,AG1a,,co2e,1,2039,,,,,,-1.6015999999999997
EmissionActivityRatio,BAU,Guatemala,AG1a,,co2e,1,2040,,,,,,-1.716
EmissionActivityRatio,BAU,Guatemala,AG1a,,co2e,1,2041,,,,,,-1.8304
EmissionActivityRatio,BAU,Guatemala,AG1a,,co2e,1,2042,,,,,,-1.9448
EmissionActivityRatio,BAU,Guatemala,AG1a,,co2e,1,2043,,,,,,-2.0592
EmissionActivityRatio,BAU,Guatemala,AG1a,,co2e,1,2044,,,,,,-2.1736000000000004
EmissionActivityRatio,BAU,Guatemala,AG1a,,co2e,1,2045,,,,,,-2.2880000000000003
EmissionActivityRatio,BAU,Guatemala,AG1a,,co2e,1,2046,,,,,,-2.4024000000000005
EmissionActivityRatio,BAU,Guatemala,AG1a,,co2e,1,2047,,,,,,-2.5168000000000004
EmissionActivityRatio,BAU,Guatemala,AG1a,,co2e,1,2048,,,,,,-2.6312000000000006
EmissionActivityRatio,BAU,Guatemala,AG1a,,co2e,1,2049,,,,,,-2.745600000000001
EmissionActivityRatio,BAU,Guatemala,AG1a,,co2e,1,2050,,,,,,-2.86
EmissionActivityRatio,BAU,Guatemala,AG1b,,co2e,1,2016,,,,,,0.0
EmissionActivityRatio,BAU,Guatemala,AG1b,,co2e,1,2017,,,,,,0.0
EmissionActivityRatio,BAU,Guatemala,AG1b,,co2e,1,2018,,,,,,0.0
EmissionActivityRatio,BAU,Guatemala,AG1b,,co2e,1,2019,,,,,,0.0
EmissionActivityRatio,BAU,Guatemala,AG1b,,co2e,1,2020,,,,,,0.0
EmissionActivityRatio,BAU,Guatemala,AG1b,,co2e,1,2021,,,,,,0.0
EmissionActivityRatio,BAU,Guatemala,AG1b,,co2e,1,2022,,,,,,0.0
EmissionActivityRatio,BAU,Guatemala,AG1b,,co2e,1,2023,,,,,,0.0
EmissionActivityRatio,BAU,Guatemala,AG1b,,co2e,1,2024,,,,,,0.0
EmissionActivityRatio,BAU,Guatemala,AG1b,,co2e,1,2025,,,,,,0.0
EmissionActivityRatio,BAU,Guatemala,AG1b,,co2e,1,2026,,,,,,-0.010400000000000001
EmissionActivityRatio,BAU,Guatemala,AG1b,,co2e,1,2027,,,,,,-0.020800000000000003
EmissionActivityRatio,BAU,Guatemala,AG1b,,co2e,1,2028,,,,,,-0.0312
EmissionActivityRatio,BAU,Guatemala,AG1b,,co2e,1,2029,,,,,,-0.041600000000000005
EmissionActivityRatio,BAU,Guatemala,AG1b,,co2e,1,2030,,,,,,-0.052000000000000005
EmissionActivityRatio,BAU,Guatemala,AG1b,,co2e,1,2031,,,,,,-0.062400000000000004
EmissionActivityRatio,BAU,Guatemala,AG1b,,co2e,1,2032,,,,,,-0.0728
EmissionActivityRatio,BAU,Guatemala,AG1b,,co2e,1,2033,,,,,,-0.08320000000000001
EmissionActivityRatio,BAU,Guatemala,AG1b,,co2e,1,2034,,,,,,-0.0936
EmissionActivityRatio,BAU,Guatemala,AG1b,,co2e,1,2035,,,,,,-0.104
EmissionActivityRatio,BAU,Guatemala,AG1b,,co2e,1,2036,,,,,,-0.11439999999999999
EmissionActivityRatio,BAU,Guatemala,AG1b,,co2e,1,2037,,,,,,-0.12479999999999998
EmissionActivityRatio,BAU,Guatemala,AG1b,,co2e,1,2038,,,,,,-0.1352
EmissionActivityRatio,BAU,Guatemala,AG1b,,co2e,1,2039,,,,,,-0.14559999999999998
EmissionActivityRatio,BAU,Guatemala,AG1b,,co2e,1,2040,,,,,,-0.156
EmissionActivityRatio,BAU,Guatemala,AG1b,,co2e,1,2041,,,,,,-0.16640000000000002
EmissionActivityRatio,BAU,Guatemala,AG1b,,co2e,1,2042,,,,,,-0.1768
EmissionActivityRatio,BAU,Guatemala,AG1b,,co2e,1,2043,,,,,,-0.18720000000000003
EmissionActivityRatio,BAU,Guatemala,AG1b,,co2e,1,2044,,,,,,-0.19760000000000003
EmissionActivityRatio,BAU,Guatemala,AG1b,,co2e,1,2045,,,,,,-0.20800000000000005
EmissionActivityRatio,BAU,Guatemala,AG1b,,co2e,1,2046,,,,,,-0.21840000000000007
EmissionActivityRatio,BAU,Guatemala,AG1b,,co2e,1,2047,,,,,,-0.22880000000000006
EmissionActivityRatio,BAU,Guatemala,AG1b,,co2e,1,2048,,,,,,-0.23920000000000008
EmissionActivityRatio,BAU,Guatemala,AG1b,,co2e,1,2049,,,,,,-0.2496000000000001
EmissionActivityRatio,BAU,Guatemala,AG1b,,co2e,1,2050,,,,,,-0.26
EmissionActivityRatio,BAU,Guatemala,AG2,,co2e,1,2016,,,,,,0.0
EmissionActivityRatio,BAU,Guatemala,AG2,,co2e,1,2017,,,,,,0.0
EmissionActivityRatio,BAU,Guatemala,AG2,,co2e,1,2018,,,,,,0.0
EmissionActivityRatio,BAU,Guatemala,AG2,,co2e,1,2019,,,,,,0.0
EmissionActivityRatio,BAU,Guatemala,AG2,,co2e,1,2020,,,,,,0.0
EmissionActivityRatio,BAU,Guatemala,AG2,,co2e,1,2021,,,,,,0.0
EmissionActivityRatio,BAU,Guatemala,AG2,,co2e,1,2022,,,,,,0.0
EmissionActivityRatio,BAU,Guatemala,AG2,,co2e,1,2023,,,,,,0.0
EmissionActivityRatio,BAU,Guatemala,AG2,,co2e,1,2024,,,,,,0.0
EmissionActivityRatio,BAU,Guatemala,AG2,,co2e,1,2025,,,,,,0.0
EmissionActivityRatio,BAU,Guatemala,AG2,,co2e,1,2026,,,,,,-0.24920000000000003
EmissionActivityRatio,BAU,Guatemala,AG2,,co2e,1,2027,,,,,,-0.49840000000000007
EmissionActivityRatio,BAU,Guatemala,AG2,,co2e,1,2028,,,,,,-0.7476
EmissionActivityRatio,BAU,Guatemala,AG2,,co2e,1,2029,,,,,,-0.9968000000000001
EmissionActivityRatio,BAU,Guatemala,AG2,,co2e,1,2030,,,,,,-1.2460000000000002
EmissionActivityRatio,BAU,Guatemala,AG2,,co2e,1,2031,,,,,,-1.4952000000000003
EmissionActivityRatio,BAU,Guatemala,AG2,,co2e,1,2032,,,,,,-1.7444000000000004
EmissionActivityRatio,BAU,Guatemala,AG2,,co2e,1,2033,,,,,,-1.9936000000000003
EmissionActivityRatio,BAU,Guatemala,AG2,,co2e,1,2034,,,,,,-2.2428
EmissionActivityRatio,BAU,Guatemala,AG2,,co2e,1,2035,,,,,,-2.492
EmissionActivityRatio,BAU,Guatemala,AG2,,co2e,1,2036,,,,,,-2.7411999999999996
EmissionActivityRatio,BAU,Guatemala,AG2,,co2e,1,2037,,,,,,-2.9903999999999997
EmissionActivityRatio,BAU,Guatemala,AG2,,co2e,1,2038,,,,,,-3.2396
EmissionActivityRatio,BAU,Guatemala,AG2,,co2e,1,2039,,,,,,-3.4888
EmissionActivityRatio,BAU,Guatemala,AG2,,co2e,1,2040,,,,,,-3.738
EmissionActivityRatio,BAU,Guatemala,AG2,,co2e,1,2041,,,,,,-3.9872000000000005
EmissionActivityRatio,BAU,Guatemala,AG2,,co2e,1,2042,,,,,,-4.236400000000001
EmissionActivityRatio,BAU,Guatemala,AG2,,co2e,1,2043,,,,,,-4.485600000000001
EmissionActivityRatio,BAU,Guatemala,AG2,,co2e,1,2044,,,,,,-4.734800000000001
EmissionActivityRatio,BAU,Guatemala,AG2,,co2e,1,2045,,,,,,-4.984000000000001
EmissionActivityRatio,BAU,Guatemala,AG2,,co2e,1,2046,,,,,,-5.233200000000002
EmissionActivityRatio,BAU,Guatemala,AG2,,co2e,1,2047,,,,,,-5.482400000000002
EmissionActivityRatio,BAU,Guatemala,AG2,,co2e,1,2048,,,,,,-5.731600000000002
EmissionActivityRatio,BAU,Guatemala,AG2,,co2e,1,2049,,,,,,-5.980800000000002
EmissionActivityRatio,BAU,Guatemala,AG2,,co2e,1,2050,,,,,,-6.23
EmissionActivityRatio,BAU,Guatemala,AG3,,co2e,1,2016,,,,,,0.0
EmissionActivityRatio,BAU,Guatemala,AG3,,co2e,1,2017,,,,,,0.0
EmissionActivityRatio,BAU,Guatemala,AG3,,co2e,1,2018,,,,,,0.0
EmissionActivityRatio,BAU,Guatemala,AG3,,co2e,1,2019,,,,,,0.0
EmissionActivityRatio,BAU,Guatemala,AG3,,co2e,1,2020,,,,,,0.0
EmissionActivityRatio,BAU,Guatemala,AG3,,co2e,1,2021,,,,,,0.0
EmissionActivityRatio,BAU,Guatemala,AG3,,co2e,1,2022,,,,,,0.0
EmissionActivityRatio,BAU,Guatemala,AG3,,co2e,1,2023,,,,,,0.0
EmissionActivityRatio,BAU,Guatemala,AG3,,co2e,1,2024,,,,,,0.0
EmissionActivityRatio,BAU,Guatemala,AG3,,co2e,1,2025,,,,,,0.0
EmissionActivityRatio,BAU,Guatemala,AG3,,co2e,1,2026,,,,,,-0.49
EmissionActivityRatio,BAU,Guatemala,AG3,,co2e,1,2027,,,,,,-0.98
EmissionActivityRatio,BAU,Guatemala,AG3,,co2e,1,2028,,,,,,-1.47
EmissionActivityRatio,BAU,Guatemala,AG3,,co2e,1,2029,,,,,,-1.96
EmissionActivityRatio,BAU,Guatemala,AG3,,co2e,1,2030,,,,,,-2.45
EmissionActivityRatio,BAU,Guatemala,AG3,,co2e,1,2031,,,,,,-2.9400000000000004
EmissionActivityRatio,BAU,Guatemala,AG3,,co2e,1,2032,,,,,,-3.43
EmissionActivityRatio,BAU,Guatemala,AG3,,co2e,1,2033,,,,,,-3.92
EmissionActivityRatio,BAU,Guatemala,AG3,,co2e,1,2034,,,,,,-4.41
EmissionActivityRatio,BAU,Guatemala,AG3,,co2e,1,2035,,,,,,-4.8999999999999995
EmissionActivityRatio,BAU,Guatemala,AG3,,co2e,1,2036,,,,,,-5.39
EmissionActivityRatio,BAU,Guatemala,AG3,,co2e,1,2037,,,,,,-5.879999999999999
EmissionActivityRatio,BAU,Guatemala,AG3,,co2e,1,2038,,,,,,-6.369999999999999
EmissionActivityRatio,BAU,Guatemala,AG3,,co2e,1,2039,,,,,,-6.859999999999999
EmissionActivityRatio,BAU,Guatemala,AG3,,co2e,1,2040,,,,,,-7.35
EmissionActivityRatio,BAU,Guatemala,AG3,,co2e,1,2041,,,,,,-7.84
EmissionActivityRatio,BAU,Guatemala,AG3,,co2e,1,2042,,,,,,-8.33
EmissionActivityRatio,BAU,Guatemala,AG3,,co2e,1,2043,,,,,,-8.82
EmissionActivityRatio,BAU,Guatemala,AG3,,co2e,1,2044,,,,,,-9.310000000000002
EmissionActivityRatio,BAU,Guatemala,AG3,,co2e,1,2045,,,,,,-9.800000000000002
EmissionActivityRatio,BAU,Guatemala,AG3,,co2e,1,2046,,,,,,-10.290000000000003
EmissionActivityRatio,BAU,Guatemala,AG3,,co2e,1,2047,,,,,,-10.780000000000003
EmissionActivityRatio,BAU,Guatemala,AG3,,co2e,1,2048,,,,,,-11.270000000000003
EmissionActivityRatio,BAU,Guatemala,AG3,,co2e,1,2049,,,,,,-11.760000000000003
EmissionActivityRatio,BAU,Guatemala,AG3,,co2e,1,2050,,,,,,-12.25
EmissionActivityRatio,BAU,Guatemala,AG4,,co2e,1,2016,,,,,,0.0
EmissionActivityRatio,BAU,Guatemala,AG4,,co2e,1,2017,,,,,,0.0
EmissionActivityRatio,BAU,Guatemala,AG4,,co2e,1,2018,,,,,,0.0
EmissionActivityRatio,BAU,Guatemala,AG4,,co2e,1,2019,,,,,,0.0
EmissionActivityRatio,BAU,Guatemala,AG4,,co2e,1,2020,,,,,,0.0
EmissionActivityRatio,BAU,Guatemala,AG4,,co2e,1,2021,,,,,,0.0
EmissionActivityRatio,BAU,Guatemala,AG4,,co2e,1,2022,,,,,,0.0
EmissionActivityRatio,BAU,Guatemala,AG4,,co2e,1,2023,,,,,,0.0
EmissionActivityRatio,BAU,Guatemala,AG4,,co2e,1,2024,,,,,,0.0
EmissionActivityRatio,BAU,Guatemala,AG4,,co2e,1,2025,,,,,,0.0
EmissionActivityRatio,BAU,Guatemala,AG4,,co2e,1,2026,,,,,,-0.002
EmissionActivityRatio,BAU,Guatemala,AG4,,co2e,1,2027,,,,,,-0.004
EmissionActivityRatio,BAU,Guatemala,AG4,,co2e,1,2028,,,,,,-0.006
EmissionActivityRatio,BAU,Guatemala,AG4,,co2e,1,2029,,,,,,-0.008
EmissionActivityRatio,BAU,Guatemala,AG4,,co2e,1,2030,,,,,,-0.010000000000000002
EmissionActivityRatio,BAU,Guatemala,AG4,,co2e,1,2031,,,,,,-0.012000000000000002
EmissionActivityRatio,BAU,Guatemala,AG4,,co2e,1,2032,,,,,,-0.014000000000000002
EmissionActivityRatio,BAU,Guatemala,AG4,,co2e,1,2033,,,,,,-0.016
EmissionActivityRatio,BAU,Guatemala,AG4,,co2e,1,2034,,,,,,-0.018
EmissionActivityRatio,BAU,Guatemala,AG4,,co2e,1,2035,,,,,,-0.02
EmissionActivityRatio,BAU,Guatemala,AG4,,co2e,1,2036,,,,,,-0.022
EmissionActivityRatio,BAU,Guatemala,AG4,,co2e,1,2037,,,,,,-0.023999999999999997
EmissionActivityRatio,BAU,Guatemala,AG4,,co2e,1,2038,,,,,,-0.025999999999999995
EmissionActivityRatio,BAU,Guatemala,AG4,,co2e,1,2039,,,,,,-0.027999999999999997
EmissionActivityRatio,BAU,Guatemala,AG4,,co2e,1,2040,,,,,,-0.03
EmissionActivityRatio,BAU,Guatemala,AG4,,co2e,1,2041,,,,,,-0.032
EmissionActivityRatio,BAU,Guatemala,AG4,,co2e,1,2042,,,,,,-0.034
EmissionActivityRatio,BAU,Guatemala,AG4,,co2e,1,2043,,,,,,-0.036000000000000004
EmissionActivityRatio,BAU,Guatemala,AG4,,co2e,1,2044,,,,,,-0.038000000000000006
EmissionActivityRatio,BAU,Guatemala,AG4,,co2e,1,2045,,,,,,-0.04000000000000001
EmissionActivityRatio,BAU,Guatemala,AG4,,co2e,1,2046,,,,,,-0.04200000000000001
EmissionActivityRatio,BAU,Guatemala,AG4,,co2e,1,2047,,,,,,-0.04400000000000001
EmissionActivityRatio,BAU,Guatemala,AG4,,co2e,1,2048,,,,,,-0.04600000000000001
EmissionActivityRatio,BAU,Guatemala,AG4,,co2e,1,2049,,,,,,-0.048000000000000015
EmissionActivityRatio,BAU,Guatemala,AG4,,co2e,1,2050,,,,,,-0.05
EmissionActivityRatio,BAU,Guatemala,GAN1,,co2e,1,2016,,,,,,0.0
EmissionActivityRatio,BAU,Guatemala,GAN1,,co2e,1,2017,,,,,,0.0
EmissionActivityRatio,BAU,Guatemala,GAN1,,co2e,1,2018,,,,,,0.0
EmissionActivityRatio,BAU,Guatemala,GAN1,,co2e,1,2019,,,,,,0.0
EmissionActivityRatio,BAU,Guatemala,GAN1,,co2e,1,2020,,,,,,0.0
EmissionActivityRatio,BAU,Guatemala,GAN1,,co2e,1,2021,,,,,,0.0
EmissionActivityRatio,BAU,Guatemala,GAN1,,co2e,1,2022,,,,,,0.0
EmissionActivityRatio,BAU,Guatemala,GAN1,,co2e,1,2023,,,,,,0.0
EmissionActivityRatio,BAU,Guatemala,GAN1,,co2e,1,2024,,,,,,0.0
EmissionActivityRatio,BAU,Guatemala,GAN1,,co2e,1,2025,,,,,,0.0
EmissionActivityRatio,BAU,Guatemala,GAN1,,co2e,1,2026,,,,,,-0.09826666666666667
EmissionActivityRatio,BAU,Guatemala,GAN1,,co2e,1,2027,,,,,,-0.19653333333333334
EmissionActivityRatio,BAU,Guatemala,GAN1,,co2e,1,2028,,,,,,-0.29479999999999995
EmissionActivityRatio,BAU,Guatemala,GAN1,,co2e,1,2029,,,,,,-0.3930666666666667
EmissionActivityRatio,BAU,Guatemala,GAN1,,co2e,1,2030,,,,,,-0.49133333333333334
EmissionActivityRatio,BAU,Guatemala,GAN1,,co2e,1,2031,,,,,,-0.5896
EmissionActivityRatio,BAU,Guatemala,GAN1,,co2e,1,2032,,,,,,-0.6878666666666667
EmissionActivityRatio,BAU,Guatemala,GAN1,,co2e,1,2033,,,,,,-0.7861333333333334
EmissionActivityRatio,BAU,Guatemala,GAN1,,co2e,1,2034,,,,,,-0.8844
EmissionActivityRatio,BAU,Guatemala,GAN1,,co2e,1,2035,,,,,,-0.9826666666666666
EmissionActivityRatio,BAU,Guatemala,GAN1,,co2e,1,2036,,,,,,-1.080933333333333
EmissionActivityRatio,BAU,Guatemala,GAN1,,co2e,1,2037,,,,,,-1.1791999999999998
EmissionActivityRatio,BAU,Guatemala,GAN1,,co2e,1,2038,,,,,,-1.2774666666666663
EmissionActivityRatio,BAU,Guatemala,GAN1,,co2e,1,2039,,,,,,-1.375733333333333
EmissionActivityRatio,BAU,Guatemala,GAN1,,co2e,1,2040,,,,,,-1.474
EmissionActivityRatio,BAU,Guatemala,GAN1,,co2e,1,2041,,,,,,-1.5722666666666667
EmissionActivityRatio,BAU,Guatemala,GAN1,,co2e,1,2042,,,,,,-1.6705333333333334
EmissionActivityRatio,BAU,Guatemala,GAN1,,co2e,1,2043,,,,,,-1.7688000000000001
EmissionActivityRatio,BAU,Guatemala,GAN1,,co2e,1,2044,,,,,,-1.8670666666666669
EmissionActivityRatio,BAU,Guatemala,GAN1,,co2e,1,2045,,,,,,-1.9653333333333336
EmissionActivityRatio,BAU,Guatemala,GAN1,,co2e,1,2046,,,,,,-2.0636000000000005
EmissionActivityRatio,BAU,Guatemala,GAN1,,co2e,1,2047,,,,,,-2.161866666666667
EmissionActivityRatio,BAU,Guatemala,GAN1,,co2e,1,2048,,,,,,-2.260133333333334
EmissionActivityRatio,BAU,Guatemala,GAN1,,co2e,1,2049,,,,,,-2.3584000000000005
EmissionActivityRatio,BAU,Guatemala,GAN1,,co2e,1,2050,,,,,,-2.4566666666666666
EmissionActivityRatio,BAU,Guatemala,GAN2,,co2e,1,2016,,,,,,0.0
EmissionActivityRatio,BAU,Guatemala,GAN2,,co2e,1,2017,,,,,,0.0
EmissionActivityRatio,BAU,Guatemala,GAN2,,co2e,1,2018,,,,,,0.0
EmissionActivityRatio,BAU,Guatemala,GAN2,,co2e,1,2019,,,,,,0.0
EmissionActivityRatio,BAU,Guatemala,GAN2,,co2e,1,2020,,,,,,0.0
EmissionActivityRatio,BAU,Guatemala,GAN2,,co2e,1,2021,,,,,,0.0
EmissionActivityRatio,BAU,Guatemala,GAN2,,co2e,1,2022,,,,,,0.0
EmissionActivityRatio,BAU,Guatemala,GAN2,,co2e,1,2023,,,,,,0.0
EmissionActivityRatio,BAU,Guatemala,GAN2,,co2e,1,2024,,,,,,0.0
EmissionActivityRatio,BAU,Guatemala,GAN2,,co2e,1,2025,,,,,,0.0
EmissionActivityRatio,BAU,Guatemala,GAN2,,co2e,1,2026,,,,,,-0.396
EmissionActivityRatio,BAU,Guatemala,GAN2,,co2e,1,2027,,,,,,-0.792
EmissionActivityRatio,BAU,Guatemala,GAN2,,co2e,1,2028,,,,,,-1.188
EmissionActivityRatio,BAU,Guatemala,GAN2,,co2e,1,2029,,,,,,-1.584
EmissionActivityRatio,BAU,Guatemala,GAN2,,co2e,1,2030,,,,,,-1.9800000000000002
EmissionActivityRatio,BAU,Guatemala,GAN2,,co2e,1,2031,,,,,,-2.3760000000000003
EmissionActivityRatio,BAU,Guatemala,GAN2,,co2e,1,2032,,,,,,-2.7720000000000002
EmissionActivityRatio,BAU,Guatemala,GAN2,,co2e,1,2033,,,,,,-3.168
EmissionActivityRatio,BAU,Guatemala,GAN2,,co2e,1,2034,,,,,,-3.564
EmissionActivityRatio,BAU,Guatemala,GAN2,,co2e,1,2035,,,,,,-3.96
EmissionActivityRatio,BAU,Guatemala,GAN2,,co2e,1,2036,,,,,,-4.356
EmissionActivityRatio,BAU,Guatemala,GAN2,,co2e,1,2037,,,,,,-4.752
EmissionActivityRatio,BAU,Guatemala,GAN2,,co2e,1,2038,,,,,,-5.148
EmissionActivityRatio,BAU,Guatemala,GAN2,,co2e,1,2039,,,,,,-5.544
EmissionActivityRatio,BAU,Guatemala,GAN2,,co2e,1,2040,,,,,,-5.94
EmissionActivityRatio,BAU,Guatemala,GAN2,,co2e,1,2041,,,,,,-6.336
EmissionActivityRatio,BAU,Guatemala,GAN2,,co2e,1,2042,,,,,,-6.732000000000001
EmissionActivityRatio,BAU,Guatemala,GAN2,,co2e,1,2043,,,,,,-7.128000000000001
EmissionActivityRatio,BAU,Guatemala,GAN2,,co2e,1,2044,,,,,,-7.524000000000002
EmissionActivityRatio,BAU,Guatemala,GAN2,,co2e,1,2045,,,,,,-7.920000000000002
EmissionActivityRatio,BAU,Guatemala,GAN2,,co2e,1,2046,,,,,,-8.316000000000003
EmissionActivityRatio,BAU,Guatemala,GAN2,,co2e,1,2047,,,,,,-8.712000000000003
EmissionActivityRatio,BAU,Guatemala,GAN2,,co2e,1,2048,,,,,,-9.108000000000002
EmissionActivityRatio,BAU,Guatemala,GAN2,,co2e,1,2049,,,,,,-9.504000000000003
EmissionActivityRatio,BAU,Guatemala,GAN2,,co2e,1,2050,,,,,,-9.9
EmissionActivityRatio,BAU,Guatemala,GAN3,,co2e,1,2016,,,,,,0.0
EmissionActivityRatio,BAU,Guatemala,GAN3,,co2e,1,2017,,,,,,0.0
EmissionActivityRatio,BAU,Guatemala,GAN3,,co2e,1,2018,,,,,,0.0
EmissionActivityRatio,BAU,Guatemala,GAN3,,co2e,1,2019,,,,,,0.0
EmissionActivityRatio,BAU,Guatemala,GAN3,,co2e,1,2020,,,,,,0.0
EmissionActivityRatio,BAU,Guatemala,GAN3,,co2e,1,2021,,,,,,0.0
EmissionActivityRatio,BAU,Guatemala,GAN3,,co2e,1,2022,,,,,,0.0
EmissionActivityRatio,BAU,Guatemala,GAN3,,co2e,1,2023,,,,,,0.0
EmissionActivityRatio,BAU,Guatemala,GAN3,,co2e,1,2024,,,,,,0.0
EmissionActivityRatio,BAU,Guatemala,GAN3,,co2e,1,2025,,,,,,0.0
EmissionActivityRatio,BAU,Guatemala,GAN3,,co2e,1,2026,,,,,,-0.44799999999999995
EmissionActivityRatio,BAU,Guatemala,GAN3,,co2e,1,2027,,,,,,-0.8959999999999999
EmissionActivityRatio,BAU,Guatemala,GAN3,,co2e,1,2028,,,,,,-1.3439999999999999
EmissionActivityRatio,BAU,Guatemala,GAN3,,co2e,1,2029,,,,,,-1.7919999999999998
EmissionActivityRatio,BAU,Guatemala,GAN3,,co2e,1,2030,,,,,,-2.2399999999999998
EmissionActivityRatio,BAU,Guatemala,GAN3,,co2e,1,2031,,,,,,-2.688
EmissionActivityRatio,BAU,Guatemala,GAN3,,co2e,1,2032,,,,,,-3.136
EmissionActivityRatio,BAU,Guatemala,GAN3,,co2e,1,2033,,,,,,-3.5839999999999996
EmissionActivityRatio,BAU,Guatemala,GAN3,,co2e,1,2034,,,,,,-4.032
EmissionActivityRatio,BAU,Guatemala,GAN3,,co2e,1,2035,,,,,,-4.4799999999999995
EmissionActivityRatio,BAU,Guatemala,GAN3,,co2e,1,2036,,,,,,-4.927999999999999
EmissionActivityRatio,BAU,Guatemala,GAN3,,co2e,1,2037,,,,,,-5.375999999999999
EmissionActivityRatio,BAU,Guatemala,GAN3,,co2e,1,2038,,,,,,-5.823999999999999
EmissionActivityRatio,BAU,Guatemala,GAN3,,co2e,1,2039,,,,,,-6.271999999999999
EmissionActivityRatio,BAU,Guatemala,GAN3,,co2e,1,2040,,,,,,-6.72
EmissionActivityRatio,BAU,Guatemala,GAN3,,co2e,1,2041,,,,,,-7.167999999999999
EmissionActivityRatio,BAU,Guatemala,GAN3,,co2e,1,2042,,,,,,-7.616
EmissionActivityRatio,BAU,Guatemala,GAN3,,co2e,1,2043,,,,,,-8.064
EmissionActivityRatio,BAU,Guatemala,GAN3,,co2e,1,2044,,,,,,-8.512
EmissionActivityRatio,BAU,Guatemala,GAN3,,co2e,1,2045,,,,,,-8.96
EmissionActivityRatio,BAU,Guatemala,GAN3,,co2e,1,2046,,,,,,-9.408000000000001
EmissionActivityRatio,BAU,Guatemala,GAN3,,co2e,1,2047,,,,,,-9.856000000000002
EmissionActivityRatio,BAU,Guatemala,GAN3,,co2e,1,2048,,,,,,-10.304000000000002
EmissionActivityRatio,BAU,Guatemala,GAN3,,co2e,1,2049,,,,,,-10.752000000000002
EmissionActivityRatio,BAU,Guatemala,GAN3,,co2e,1,2050,,,,,,-11.2
EmissionActivityRatio,BAU,Guatemala,FOLU1,,co2e,1,2016,,,,,,0.0
EmissionActivityRatio,BAU,Guatemala,FOLU1,,co2e,1,2017,,,,,,0.0
EmissionActivityRatio,BAU,Guatemala,FOLU1,,co2e,1,2018,,,,,,0.0
EmissionActivityRatio,BAU,Guatemala,FOLU1,,co2e,1,2019,,,,,,0.0
EmissionActivityRatio,BAU,Guatemala,FOLU1,,co2e,1,2020,,,,,,0.0
EmissionActivityRatio,BAU,Guatemala,FOLU1,,co2e,1,2021,,,,,,0.0
EmissionActivityRatio,BAU,Guatemala,FOLU1,,co2e,1,2022,,,,,,0.0
EmissionActivityRatio,BAU,Guatemala,FOLU1,,co2e,1,2023,,,,,,0.0
EmissionActivityRatio,BAU,Guatemala,FOLU1,,co2e,1,2024,,,,,,0.0
EmissionActivityRatio,BAU,Guatemala,FOLU1,,co2e,1,2025,,,,,,0.0
EmissionActivityRatio,BAU,Guatemala,FOLU1,,co2e,1,2026,,,,,,-0.484
EmissionActivityRatio,BAU,Guatemala,FOLU1,,co2e,1,2027,,,,,,-0.968
EmissionActivityRatio,BAU,Guatemala,FOLU1,,co2e,1,2028,,,,,,-1.452
EmissionActivityRatio,BAU,Guatemala,FOLU1,,co2e,1,2029,,,,,,-1.936
EmissionActivityRatio,BAU,Guatemala,FOLU1,,co2e,1,2030,,,,,,-2.42
EmissionActivityRatio,BAU,Guatemala,FOLU1,,co2e,1,2031,,,,,,-2.9040000000000004
EmissionActivityRatio,BAU,Guatemala,FOLU1,,co2e,1,2032,,,,,,-3.3880000000000003
EmissionActivityRatio,BAU,Guatemala,FOLU1,,co2e,1,2033,,,,,,-3.872
EmissionActivityRatio,BAU,Guatemala,FOLU1,,co2e,1,2034,,,,,,-4.356
EmissionActivityRatio,BAU,Guatemala,FOLU1,,co2e,1,2035,,,,,,-4.84
EmissionActivityRatio,BAU,Guatemala,FOLU1,,co2e,1,2036,,,,,,-5.323999999999999
EmissionActivityRatio,BAU,Guatemala,FOLU1,,co2e,1,2037,,,,,,-5.807999999999999
EmissionActivityRatio,BAU,Guatemala,FOLU1,,co2e,1,2038,,,,,,-6.291999999999999
EmissionActivityRatio,BAU,Guatemala,FOLU1,,co2e,1,2039,,,,,,-6.775999999999999
EmissionActivityRatio,BAU,Guatemala,FOLU1,,co2e,1,2040,,,,,,-7.26
EmissionActivityRatio,BAU,Guatemala,FOLU1,,co2e,1,2041,,,,,,-7.744
EmissionActivityRatio,BAU,Guatemala,FOLU1,,co2e,1,2042,,,,,,-8.228
EmissionActivityRatio,BAU,Guatemala,FOLU1,,co2e,1,2043,,,,,,-8.712000000000002
EmissionActivityRatio,BAU,Guatemala,FOLU1,,co2e,1,2044,,,,,,-9.196000000000002
EmissionActivityRatio,BAU,Guatemala,FOLU1,,co2e,1,2045,,,,,,-9.680000000000001
EmissionActivityRatio,BAU,Guatemala,FOLU1,,co2e,1,2046,,,,,,-10.164000000000001
EmissionActivityRatio,BAU,Guatemala,FOLU1,,co2e,1,2047,,,,,,-10.648000000000003
EmissionActivityRatio,BAU,Guatemala,FOLU1,,co2e,1,2048,,,,,,-11.132000000000003
EmissionActivityRatio,BAU,Guatemala,FOLU1,,co2e,1,2049,,,,,,-11.616000000000003
EmissionActivityRatio,BAU,Guatemala,FOLU1,,co2e,1,2050,,,,,,-12.1
EmissionActivityRatio,BAU,Guatemala,FOLU2,,co2e,1,2016,,,,,,0.0
EmissionActivityRatio,BAU,Guatemala,FOLU2,,co2e,1,2017,,,,,,0.0
EmissionActivityRatio,BAU,Guatemala,FOLU2,,co2e,1,2018,,,,,,0.0
EmissionActivityRatio,BAU,Guatemala,FOLU2,,co2e,1,2019,,,,,,0.0
EmissionActivityRatio,BAU,Guatemala,FOLU2,,co2e,1,2020,,,,,,0.0
EmissionActivityRatio,BAU,Guatemala,FOLU2,,co2e,1,2021,,,,,,0.0
EmissionActivityRatio,BAU,Guatemala,FOLU2,,co2e,1,2022,,,,,,0.0
EmissionActivityRatio,BAU,Guatemala,FOLU2,,co2e,1,2023,,,,,,0.0
EmissionActivityRatio,BAU,Guatemala,FOLU2,,co2e,1,2024,,,,,,0.0
EmissionActivityRatio,BAU,Guatemala,FOLU2,,co2e,1,2025,,,,,,0.0
EmissionActivityRatio,BAU,Guatemala,FOLU2,,co2e,1,2026,,,,,,-0.48
EmissionActivityRatio,BAU,Guatemala,FOLU2,,co2e,1,2027,,,,,,-0.96
EmissionActivityRatio,BAU,Guatemala,FOLU2,,co2e,1,2028,,,,,,-1.44
EmissionActivityRatio,BAU,Guatemala,FOLU2,,co2e,1,2029,,,,,,-1.92
EmissionActivityRatio,BAU,Guatemala,FOLU2,,co2e,1,2030,,,,,,-2.4000000000000004
EmissionActivityRatio,BAU,Guatemala,FOLU2,,co2e,1,2031,,,,,,-2.8800000000000003
EmissionActivityRatio,BAU,Guatemala,FOLU2,,co2e,1,2032,,,,,,-3.3600000000000003
EmissionActivityRatio,BAU,Guatemala,FOLU2,,co2e,1,2033,,,,,,-3.84
EmissionActivityRatio,BAU,Guatemala,FOLU2,,co2e,1,2034,,,,,,-4.32
EmissionActivityRatio,BAU,Guatemala,FOLU2,,co2e,1,2035,,,,,,-4.8
EmissionActivityRatio,BAU,Guatemala,FOLU2,,co2e,1,2036,,,,,,-5.279999999999999
EmissionActivityRatio,BAU,Guatemala,FOLU2,,co2e,1,2037,,,,,,-5.759999999999999
EmissionActivityRatio,BAU,Guatemala,FOLU2,,co2e,1,2038,,,,,,-6.239999999999998
EmissionActivityRatio,BAU,Guatemala,FOLU2,,co2e,1,2039,,,,,,-6.719999999999999
EmissionActivityRatio,BAU,Guatemala,FOLU2,,co2e,1,2040,,,,,,-7.199999999999999
EmissionActivityRatio,BAU,Guatemala,FOLU2,,co2e,1,2041,,,,,,-7.68
EmissionActivityRatio,BAU,Guatemala,FOLU2,,co2e,1,2042,,,,,,-8.16
EmissionActivityRatio,BAU,Guatemala,FOLU2,,co2e,1,2043,,,,,,-8.64
EmissionActivityRatio,BAU,Guatemala,FOLU2,,co2e,1,2044,,,,,,-9.120000000000001
EmissionActivityRatio,BAU,Guatemala,FOLU2,,co2e,1,2045,,,,,,-9.600000000000001
EmissionActivityRatio,BAU,Guatemala,FOLU2,,co2e,1,2046,,,,,,-10.080000000000002
EmissionActivityRatio,BAU,Guatemala,FOLU2,,co2e,1,2047,,,,,,-10.560000000000002
EmissionActivityRatio,BAU,Guatemala,FOLU2,,co2e,1,2048,,,,,,-11.040000000000003
EmissionActivityRatio,BAU,Guatemala,FOLU2,,co2e,1,2049,,,,,,-11.520000000000003
EmissionActivityRatio,BAU,Guatemala,FOLU2,,co2e,1,2050,,,,,,-12.0
EmissionActivityRatio,BAU,Guatemala,FOLU3,,co2e,1,2016,,,,,,0.0
EmissionActivityRatio,BAU,Guatemala,FOLU3,,co2e,1,2017,,,,,,0.0
EmissionActivityRatio,BAU,Guatemala,FOLU3,,co2e,1,2018,,,,,,0.0
EmissionActivityRatio,BAU,Guatemala,FOLU3,,co2e,1,2019,,,,,,0.0
EmissionActivityRatio,BAU,Guatemala,FOLU3,,co2e,1,2020,,,,,,0.0
EmissionActivityRatio,BAU,Guatemala,FOLU3,,co2e,1,2021,,,,,,0.0
EmissionActivityRatio,BAU,Guatemala,FOLU3,,co2e,1,2022,,,,,,0.0
EmissionActivityRatio,BAU,Guatemala,FOLU3,,co2e,1,2023,,,,,,0.0
EmissionActivityRatio,BAU,Guatemala,FOLU3,,co2e,1,2024,,,,,,0.0
EmissionActivityRatio,BAU,Guatemala,FOLU3,,co2e,1,2025,,,,,,0.0
EmissionActivityRatio,BAU,Guatemala,FOLU3,,co2e,1,2026,,,,,,-0.6452
EmissionActivityRatio,BAU,Guatemala,FOLU3,,co2e,1,2027,,,,,,-1.2904
EmissionActivityRatio,BAU,Guatemala,FOLU3,,co2e,1,2028,,,,,,-1.9355999999999998
EmissionActivityRatio,BAU,Guatemala,FOLU3,,co2e,1,2029,,,,,,-2.5808
EmissionActivityRatio,BAU,Guatemala,FOLU3,,co2e,1,2030,,,,,,-3.226
EmissionActivityRatio,BAU,Guatemala,FOLU3,,co2e,1,2031,,,,,,-3.8712
EmissionActivityRatio,BAU,Guatemala,FOLU3,,co2e,1,2032,,,,,,-4.5164
EmissionActivityRatio,BAU,Guatemala,FOLU3,,co2e,1,2033,,,,,,-5.1616
EmissionActivityRatio,BAU,Guatemala,FOLU3,,co2e,1,2034,,,,,,-5.806799999999999
EmissionActivityRatio,BAU,Guatemala,FOLU3,,co2e,1,2035,,,,,,-6.451999999999999
EmissionActivityRatio,BAU,Guatemala,FOLU3,,co2e,1,2036,,,,,,-7.097199999999999
EmissionActivityRatio,BAU,Guatemala,FOLU3,,co2e,1,2037,,,,,,-7.742399999999998
EmissionActivityRatio,BAU,Guatemala,FOLU3,,co2e,1,2038,,,,,,-8.387599999999997
EmissionActivityRatio,BAU,Guatemala,FOLU3,,co2e,1,2039,,,,,,-9.032799999999998
EmissionActivityRatio,BAU,Guatemala,FOLU3,,co2e,1,2040,,,,,,-9.677999999999999
EmissionActivityRatio,BAU,Guatemala,FOLU3,,co2e,1,2041,,,,,,-10.3232
EmissionActivityRatio,BAU,Guatemala,FOLU3,,co2e,1,2042,,,,,,-10.9684
EmissionActivityRatio,BAU,Guatemala,FOLU3,,co2e,1,2043,,,,,,-11.6136
EmissionActivityRatio,BAU,Guatemala,FOLU3,,co2e,1,2044,,,,,,-12.2588
EmissionActivityRatio,BAU,Guatemala,FOLU3,,co2e,1,2045,,,,,,-12.904000000000002
EmissionActivityRatio,BAU,Guatemala,FOLU3,,co2e,1,2046,,,,,,-13.549200000000003
EmissionActivityRatio,BAU,Guatemala,FOLU3,,co2e,1,2047,,,,,,-14.194400000000003
EmissionActivityRatio,BAU,Guatemala,FOLU3,,co2e,1,2048,,,,,,-14.839600000000003
EmissionActivityRatio,BAU,Guatemala,FOLU3,,co2e,1,2049,,,,,,-15.484800000000003
EmissionActivityRatio,BAU,Guatemala,FOLU3,,co2e,1,2050,,,,,,-16.13
EmissionActivityRatio,BAU,Guatemala,FOLU4,,co2e,1,2016,,,,,,0.0
EmissionActivityRatio,BAU,Guatemala,FOLU4,,co2e,1,2017,,,,,,0.0
EmissionActivityRatio,BAU,Guatemala,FOLU4,,co2e,1,2018,,,,,,0.0
EmissionActivityRatio,BAU,Guatemala,FOLU4,,co2e,1,2019,,,,,,0.0
EmissionActivityRatio,BAU,Guatemala,FOLU4,,co2e,1,2020,,,,,,0.0
EmissionActivityRatio,BAU,Guatemala,FOLU4,,co2e,1,2021,,,,,,0.0
EmissionActivityRatio,BAU,Guatemala,FOLU4,,co2e,1,2022,,,,,,0.0
EmissionActivityRatio,BAU,Guatemala,FOLU4,,co2e,1,2023,,,,,,0.0
EmissionActivityRatio,BAU,Guatemala,FOLU4,,co2e,1,2024,,,,,,0.0
EmissionActivityRatio,BAU,Guatemala,FOLU4,,co2e,1,2025,,,,,,0.0
EmissionActivityRatio,BAU,Guatemala,FOLU4,,co2e,1,2026,,,,,,0.0
EmissionActivityRatio,BAU,Guatemala,FOLU4,,co2e,1,2027,,,,,,0.0
EmissionActivityRatio,BAU,Guatemala,FOLU4,,co2e,1,2028,,,,,,0.0
EmissionActivityRatio,BAU,Guatemala,FOLU4,,co2e,1,2029,,,,,,0.0
EmissionActivityRatio,BAU,Guatemala,FOLU4,,co2e,1,2030,,,,,,0.0
EmissionActivityRatio,BAU,Guatemala,FOLU4,,co2e,1,2031,,,,,,0.0
EmissionActivityRatio,BAU,Guatemala,FOLU4,,co2e,1,2032,,,,,,0.0
EmissionActivityRatio,BAU,Guatemala,FOLU4,,co2e,1,2033,,,,,,0.0
EmissionActivityRatio,BAU,Guatemala,FOLU4,,co2e,1,2034,,,,,,0.0
EmissionActivityRatio,BAU,Guatemala,FOLU4,,co2e,1,2035,,,,,,0.0
EmissionActivityRatio,BAU,Guatemala,FOLU4,,co2e,1,2036,,,,,,0.0
EmissionActivityRatio,BAU,Guatemala,FOLU4,,co2e,1,2037,,,,,,0.0
EmissionActivityRatio,BAU,Guatemala,FOLU4,,co2e,1,2038,,,,,,0.0
EmissionActivityRatio,BAU,Guatemala,FOLU4,,co2e,1,2039,,,,,,0.0
EmissionActivityRatio,BAU,Guatemala,FOLU4,,co2e,1,2040,,,,,,0.0
EmissionActivityRatio,BAU,Guatemala,FOLU4,,co2e,1,2041,,,,,,0.0
EmissionActivityRatio,BAU,Guatemala,FOLU4,,co2e,1,2042,,,,,,0.0
EmissionActivityRatio,BAU,Guatemala,FOLU4,,co2e,1,2043,,,,,,0.0
EmissionActivityRatio,BAU,Guatemala,FOLU4,,co2e,1,2044,,,,,,0.0
EmissionActivityRatio,BAU,Guatemala,FOLU4,,co2e,1,2045,,,,,,0.0
EmissionActivityRatio,BAU,Guatemala,FOLU4,,co2e,1,2046,,,,,,0.0
EmissionActivityRatio,BAU,Guatemala,FOLU4,,co2e,1,2047,,,,,,0.0
EmissionActivityRatio,BAU,Guatemala,FOLU4,,co2e,1,2048,,,,,,0.0
EmissionActivityRatio,BAU,Guatemala,FOLU4,,co2e,1,2049,,,,,,0.0
EmissionActivityRatio,BAU,Guatemala,FOLU4,,co2e,1,2050,,,,,,0.0
EmissionActivityRatio,BAU,Guatemala,NUEVAFOLU,,co2e,1,2016,,,,,,0.0
EmissionActivityRatio,BAU,Guatemala,NUEVAFOLU,,co2e,1,2017,,,,,,0.0
EmissionActivityRatio,BAU,Guatemala,NUEVAFOLU,,co2e,1,2018,,,,,,0.0
EmissionActivityRatio,BAU,Guatemala,NUEVAFOLU,,co2e,1,2019,,,,,,0.0
EmissionActivityRatio,BAU,Guatemala,NUEVAFOLU,,co2e,1,2020,,,,,,0.0
EmissionActivityRatio,BAU,Guatemala,NUEVAFOLU,,co2e,1,2021,,,,,,0.0
EmissionActivityRatio,BAU,Guatemala,NUEVAFOLU,,co2e,1,2022,,,,,,0.0
EmissionActivityRatio,BAU,Guatemala,NUEVAFOLU,,co2e,1,2023,,,,,,0.0
EmissionActivityRatio,BAU,Guatemala,NUEVAFOLU,,co2e,1,2024,,,,,,0.0
EmissionActivityRatio,BAU,Guatemala,NUEVAFOLU,,co2e,1,2025,,,,,,0.0
EmissionActivityRatio,BAU,Guatemala,NUEVAFOLU,,co2e,1,2026,,,,,,0.0
EmissionActivityRatio,BAU,Guatemala,NUEVAFOLU,,co2e,1,2027,,,,,,0.0
EmissionActivityRatio,BAU,Guatemala,NUEVAFOLU,,co2e,1,2028,,,,,,0.0
EmissionActivityRatio,BAU,Guatemala,NUEVAFOLU,,co2e,1,2029,,,,,,0.0
EmissionActivityRatio,BAU,Guatemala,NUEVAFOLU,,co2e,1,2030,,,,,,0.0
EmissionActivityRatio,BAU,Guatemala,NUEVAFOLU,,co2e,1,2031,,,,,,0.0
EmissionActivityRatio,BAU,Guatemala,NUEVAFOLU,,co2e,1,2032,,,,,,0.0
EmissionActivityRatio,BAU,Guatemala,NUEVAFOLU,,co2e,1,2033,,,,,,0.0
EmissionActivityRatio,BAU,Guatemala,NUEVAFOLU,,co2e,1,2034,,,,,,0.0
EmissionActivityRatio,BAU,Guatemala,NUEVAFOLU,,co2e,1,2035,,,,,,0.0
EmissionActivityRatio,BAU,Guatemala,NUEVAFOLU,,co2e,1,2036,,,,,,0.0
EmissionActivityRatio,BAU,Guatemala,NUEVAFOLU,,co2e,1,2037,,,,,,0.0
EmissionActivityRatio,BAU,Guatemala,NUEVAFOLU,,co2e,1,2038,,,,,,0.0
EmissionActivityRatio,BAU,Guatemala,NUEVAFOLU,,co2e,1,2039,,,,,,0.0
EmissionActivityRatio,BAU,Guatemala,NUEVAFOLU,,co2e,1,2040,,,,,,0.0
EmissionActivityRatio,BAU,Guatemala,NUEVAFOLU,,co2e,1,2041,,,,,,0.0
EmissionActivityRatio,BAU,Guatemala,NUEVAFOLU,,co2e,1,2042,,,,,,0.0
EmissionActivityRatio,BAU,Guatemala,NUEVAFOLU,,co2e,1,2043,,,,,,0.0
EmissionActivityRatio,BAU,Guatemala,NUEVAFOLU,,co2e,1,2044,,,,,,0.0
EmissionActivityRatio,BAU,Guatemala,NUEVAFOLU,,co2e,1,2045,,,,,,0.0
EmissionActivityRatio,BAU,Guatemala,NUEVAFOLU,,co2e,1,2046,,,,,,0.0
EmissionActivityRatio,BAU,Guatemala,NUEVAFOLU,,co2e,1,2047,,,,,,0.0
EmissionActivityRatio,BAU,Guatemala,NUEVAFOLU,,co2e,1,2048,,,,,,0.0
EmissionActivityRatio,BAU,Guatemala,NUEVAFOLU,,co2e,1,2049,,,,,,0.0
EmissionActivityRatio,BAU,Guatemala,NUEVAFOLU,,co2e,1,2050,,,,,,0.0
EmissionActivityRatio,BAU,Guatemala,Deforestacion,,co2e,1,2016,,,,,,376.896666666667
EmissionActivityRatio,BAU,Guatemala,Deforestacion,,co2e,1,2017,,,,,,376.89666666666665
EmissionActivityRatio,BAU,Guatemala,Deforestacion,,co2e,1,2018,,,,,,376.89666666666665
EmissionActivityRatio,BAU,Guatemala,Deforestacion,,co2e,1,2019,,,,,,376.89666666666665
EmissionActivityRatio,BAU,Guatemala,Deforestacion,,co2e,1,2020,,,,,,376.89666666666665
EmissionActivityRatio,BAU,Guatemala,Deforestacion,,co2e,1,2021,,,,,,376.89666666666665
EmissionActivityRatio,BAU,Guatemala,Deforestacion,,co2e,1,2022,,,,,,376.89666666666665
EmissionActivityRatio,BAU,Guatemala,Deforestacion,,co2e,1,2023,,,,,,376.89666666666665
EmissionActivityRatio,BAU,Guatemala,Deforestacion,,co2e,1,2024,,,,,,376.89666666666665
EmissionActivityRatio,BAU,Guatemala,Deforestacion,,co2e,1,2025,,,,,,376.89666666666665
EmissionActivityRatio,BAU,Guatemala,Deforestacion,,co2e,1,2026,,,,,,376.89666666666665
EmissionActivityRatio,BAU,Guatemala,Deforestacion,,co2e,1,2027,,,,,,376.89666666666665
EmissionActivityRatio,BAU,Guatemala,Deforestacion,,co2e,1,2028,,,,,,376.89666666666665
EmissionActivityRatio,BAU,Guatemala,Deforestacion,,co2e,1,2029,,,,,,376.89666666666665
EmissionActivityRatio,BAU,Guatemala,Deforestacion,,co2e,1,2030,,,,,,376.89666666666665
EmissionActivityRatio,BAU,Guatemala,Deforestacion,,co2e,1,2031,,,,,,376.89666666666665
EmissionActivityRatio,BAU,Guatemala,Deforestacion,,co2e,1,2032,,,,,,376.89666666666665
EmissionActivityRatio,BAU,Guatemala,Deforestacion,,co2e,1,2033,,,,,,376.89666666666665
EmissionActivityRatio,BAU,Guatemala,Deforestacion,,co2e,1,2034,,,,,,376.89666666666665
EmissionActivityRatio,BAU,Guatemala,Deforestacion,,co2e,1,2035,,,,,,376.89666666666665
EmissionActivityRatio,BAU,Guatemala,Deforestacion,,co2e,1,2036,,,,,,376.89666666666665
EmissionActivityRatio,BAU,Guatemala,Deforestacion,,co2e,1,2037,,,,,,376.89666666666665
EmissionActivityRatio,BAU,Guatemala,Deforestacion,,co2e,1,2038,,,,,,376.89666666666665
EmissionActivityRatio,BAU,Guatemala,Deforestacion,,co2e,1,2039,,,,,,376.89666666666665
EmissionActivityRatio,BAU,Guatemala,Deforestacion,,co2e,1,2040,,,,,,376.89666666666665
EmissionActivityRatio,BAU,Guatemala,Deforestacion,,co2e,1,2041,,,,,,376.89666666666665
EmissionActivityRatio,BAU,Guatemala,Deforestacion,,co2e,1,2042,,,,,,376.89666666666665
EmissionActivityRatio,BAU,Guatemala,Deforestacion,,co2e,1,2043,,,,,,376.89666666666665
EmissionActivityRatio,BAU,Guatemala,Deforestacion,,co2e,1,2044,,,,,,376.89666666666665
EmissionActivityRatio,BAU,Guatemala,Deforestacion,,co2e,1,2045,,,,,,376.89666666666665
EmissionActivityRatio,BAU,Guatemala,Deforestacion,,co2e,1,2046,,,,,,376.89666666666665
EmissionActivityRatio,BAU,Guatemala,Deforestacion,,co2e,1,2047,,,,,,376.89666666666665
EmissionActivityRatio,BAU,Guatemala,Deforestacion,,co2e,1,2048,,,,,,376.89666666666665
EmissionActivityRatio,BAU,Guatemala,Deforestacion,,co2e,1,2049,,,,,,376.89666666666665
EmissionActivityRatio,BAU,Guatemala,Deforestacion,,co2e,1,2050,,,,,,376.89666666666665
EmissionActivityRatio,BAU,Guatemala,Restauracion,,co2e,1,2016,,,,,,-376.896666666667
EmissionActivityRatio,BAU,Guatemala,Restauracion,,co2e,1,2017,,,,,,-376.896666666667
EmissionActivityRatio,BAU,Guatemala,Restauracion,,co2e,1,2018,,,,,,-376.896666666667
EmissionActivityRatio,BAU,Guatemala,Restauracion,,co2e,1,2019,,,,,,-376.896666666667
EmissionActivityRatio,BAU,Guatemala,Restauracion,,co2e,1,2020,,,,,,-376.896666666667
EmissionActivityRatio,BAU,Guatemala,Restauracion,,co2e,1,2021,,,,,,-376.896666666667
EmissionActivityRatio,BAU,Guatemala,Restauracion,,co2e,1,2022,,,,,,-376.896666666667
EmissionActivityRatio,BAU,Guatemala,Restauracion,,co2e,1,2023,,,,,,-376.896666666667
EmissionActivityRatio,BAU,Guatemala,Restauracion,,co2e,1,2024,,,,,,-376.896666666667
EmissionActivityRatio,BAU,Guatemala,Restauracion,,co2e,1,2025,,,,,,-376.896666666667
EmissionActivityRatio,BAU,Guatemala,Restauracion,,co2e,1,2026,,,,,,-376.896666666667
EmissionActivityRatio,BAU,Guatemala,Restauracion,,co2e,1,2027,,,,,,-376.896666666667
EmissionActivityRatio,BAU,Guatemala,Restauracion,,co2e,1,2028,,,,,,-376.896666666667
EmissionActivityRatio,BAU,Guatemala,Restauracion,,co2e,1,2029,,,,,,-376.896666666667
EmissionActivityRatio,BAU,Guatemala,Restauracion,,co2e,1,2030,,,,,,-376.896666666667
EmissionActivityRatio,BAU,Guatemala,Restauracion,,co2e,1,2031,,,,,,-376.896666666667
EmissionActivityRatio,BAU,Guatemala,Restauracion,,co2e,1,2032,,,,,,-376.896666666667
EmissionActivityRatio,BAU,Guatemala,Restauracion,,co2e,1,2033,,,,,,-376.896666666667
EmissionActivityRatio,BAU,Guatemala,Restauracion,,co2e,1,2034,,,,,,-376.896666666667
EmissionActivityRatio,BAU,Guatemala,Restauracion,,co2e,1,2035,,,,,,-376.896666666667
EmissionActivityRatio,BAU,Guatemala,Restauracion,,co2e,1,2036,,,,,,-376.896666666667
EmissionActivityRatio,BAU,Guatemala,Restauracion,,co2e,1,2037,,,,,,-376.896666666667
EmissionActivityRatio,BAU,Guatemala,Restauracion,,co2e,1,2038,,,,,,-376.896666666667
EmissionActivityRatio,BAU,Guatemala,Restauracion,,co2e,1,2039,,,,,,-376.896666666667
EmissionActivityRatio,BAU,Guatemala,Restauracion,,co2e,1,2040,,,,,,-376.896666666667
EmissionActivityRatio,BAU,Guatemala,Restauracion,,co2e,1,2041,,,,,,-376.896666666667
EmissionActivityRatio,BAU,Guatemala,Restauracion,,co2e,1,2042,,,,,,-376.896666666667
EmissionActivityRatio,BAU,Guatemala,Restauracion,,co2e,1,2043,,,,,,-376.896666666667
EmissionActivityRatio,BAU,Guatemala,Restauracion,,co2e,1,2044,,,,,,-376.896666666667
EmissionActivityRatio,BAU,Guatemala,Restauracion,,co2e,1,2045,,,,,,-376.896666666667
EmissionActivityRatio,BAU,Guatemala,Restauracion,,co2e,1,2046,,,,,,-376.896666666667
EmissionActivityRatio,BAU,Guatemala,Restauracion,,co2e,1,2047,,,,,,-376.896666666667
EmissionActivityRatio,BAU,Guatemala,Restauracion,,co2e,1,2048,,,,,,-376.896666666667
EmissionActivityRatio,BAU,Guatemala,Restauracion,,co2e,1,2049,,,,,,-376.896666666667
EmissionActivityRatio,BAU,Guatemala,Restauracion,,co2e,1,2050,,,,,,-376.896666666667
EmissionActivityRatio,BAU,Guatemala,AreaIncendiada,,co2e,1,2016,,,,,,188.44833333333335
EmissionActivityRatio,BAU,Guatemala,AreaIncendiada,,co2e,1,2017,,,,,,188.44833333333335
EmissionActivityRatio,BAU,Guatemala,AreaIncendiada,,co2e,1,2018,,,,,,188.44833333333335
EmissionActivityRatio,BAU,Guatemala,AreaIncendiada,,co2e,1,2019,,,,,,188.44833333333335
EmissionActivityRatio,BAU,Guatemala,AreaIncendiada,,co2e,1,2020,,,,,,188.44833333333335
EmissionActivityRatio,BAU,Guatemala,AreaIncendiada,,co2e,1,2021,,,,,,188.44833333333335
EmissionActivityRatio,BAU,Guatemala,AreaIncendiada,,co2e,1,2022,,,,,,188.44833333333335
EmissionActivityRatio,BAU,Guatemala,AreaIncendiada,,co2e,1,2023,,,,,,188.44833333333335
EmissionActivityRatio,BAU,Guatemala,AreaIncendiada,,co2e,1,2024,,,,,,188.44833333333335
EmissionActivityRatio,BAU,Guatemala,AreaIncendiada,,co2e,1,2025,,,,,,188.44833333333335
EmissionActivityRatio,BAU,Guatemala,AreaIncendiada,,co2e,1,2026,,,,,,188.44833333333335
EmissionActivityRatio,BAU,Guatemala,AreaIncendiada,,co2e,1,2027,,,,,,188.44833333333335
EmissionActivityRatio,BAU,Guatemala,AreaIncendiada,,co2e,1,2028,,,,,,188.44833333333335
EmissionActivityRatio,BAU,Guatemala,AreaIncendiada,,co2e,1,2029,,,,,,188.44833333333335
EmissionActivityRatio,BAU,Guatemala,AreaIncendiada,,co2e,1,2030,,,,,,188.44833333333335
EmissionActivityRatio,BAU,Guatemala,AreaIncendiada,,co2e,1,2031,,,,,,188.44833333333335
EmissionActivityRatio,BAU,Guatemala,AreaIncendiada,,co2e,1,2032,,,,,,188.44833333333335
EmissionActivityRatio,BAU,Guatemala,AreaIncendiada,,co2e,1,2033,,,,,,188.44833333333335
EmissionActivityRatio,BAU,Guatemala,AreaIncendiada,,co2e,1,2034,,,,,,188.44833333333335
EmissionActivityRatio,BAU,Guatemala,AreaIncendiada,,co2e,1,2035,,,,,,188.44833333333335
EmissionActivityRatio,BAU,Guatemala,AreaIncendiada,,co2e,1,2036,,,,,,188.44833333333335
EmissionActivityRatio,BAU,Guatemala,AreaIncendiada,,co2e,1,2037,,,,,,188.44833333333335
EmissionActivityRatio,BAU,Guatemala,AreaIncendiada,,co2e,1,2038,,,,,,188.44833333333335
EmissionActivityRatio,BAU,Guatemala,AreaIncendiada,,co2e,1,2039,,,,,,188.44833333333335
EmissionActivityRatio,BAU,Guatemala,AreaIncendiada,,co2e,1,2040,,,,,,188.44833333333335
EmissionActivityRatio,BAU,Guatemala,AreaIncendiada,,co2e,1,2041,,,,,,188.44833333333335
EmissionActivityRatio,BAU,Guatemala,AreaIncendiada,,co2e,1,2042,,,,,,188.44833333333335
EmissionActivityRatio,BAU,Guatemala,AreaIncendiada,,co2e,1,2043,,,,,,188.44833333333335
EmissionActivityRatio,BAU,Guatemala,AreaIncendiada,,co2e,1,2044,,,,,,188.44833333333335
EmissionActivityRatio,BAU,Guatemala,AreaIncendiada,,co2e,1,2045,,,,,,188.44833333333335
EmissionActivityRatio,BAU,Guatemala,AreaIncendiada,,co2e,1,2046,,,,,,188.44833333333335
EmissionActivityRatio,BAU,Guatemala,AreaIncendiada,,co2e,1,2047,,,,,,188.44833333333335
EmissionActivityRatio,BAU,Guatemala,AreaIncendiada,,co2e,1,2048,,,,,,188.44833333333335
EmissionActivityRatio,BAU,Guatemala,AreaIncendiada,,co2e,1,2049,,,,,,188.44833333333335
EmissionActivityRatio,BAU,Guatemala,AreaIncendiada,,co2e,1,2050,,,,,,188.44833333333335
EmissionActivityRatio,BAU,Guatemala,Lena,,co2e,1,2016,,,,,,1.725
EmissionActivityRatio,BAU,Guatemala,Lena,,co2e,1,2017,,,,,,1.725
EmissionActivityRatio,BAU,Guatemala,Lena,,co2e,1,2018,,,,,,1.725
EmissionActivityRatio,BAU,Guatemala,Lena,,co2e,1,2019,,,,,,1.725
EmissionActivityRatio,BAU,Guatemala,Lena,,co2e,1,2020,,,,,,1.725
EmissionActivityRatio,BAU,Guatemala,Lena,,co2e,1,2021,,,,,,1.725
EmissionActivityRatio,BAU,Guatemala,Lena,,co2e,1,2022,,,,,,1.725
EmissionActivityRatio,BAU,Guatemala,Lena,,co2e,1,2023,,,,,,1.725
EmissionActivityRatio,BAU,Guatemala,Lena,,co2e,1,2024,,,,,,1.725
EmissionActivityRatio,BAU,Guatemala,Lena,,co2e,1,2025,,,,,,1.725
EmissionActivityRatio,BAU,Guatemala,Lena,,co2e,1,2026,,,,,,1.725
EmissionActivityRatio,BAU,Guatemala,Lena,,co2e,1,2027,,,,,,1.725
EmissionActivityRatio,BAU,Guatemala,Lena,,co2e,1,2028,,,,,,1.725
EmissionActivityRatio,BAU,Guatemala,Lena,,co2e,1,2029,,,,,,1.725
EmissionActivityRatio,BAU,Guatemala,Lena,,co2e,1,2030,,,,,,1.725
EmissionActivityRatio,BAU,Guatemala,Lena,,co2e,1,2031,,,,,,1.725
EmissionActivityRatio,BAU,Guatemala,Lena,,co2e,1,2032,,,,,,1.725
EmissionActivityRatio,BAU,Guatemala,Lena,,co2e,1,2033,,,,,,1.725
EmissionActivityRatio,BAU,Guatemala,Lena,,co2e,1,2034,,,,,,1.725
EmissionActivityRatio,BAU,Guatemala,Lena,,co2e,1,2035,,,,,,1.725
EmissionActivityRatio,BAU,Guatemala,Lena,,co2e,1,2036,,,,,,1.725
EmissionActivityRatio,BAU,Guatemala,Lena,,co2e,1,2037,,,,,,1.725
EmissionActivityRatio,BAU,Guatemala,Lena,,co2e,1,2038,,,,,,1.725
EmissionActivityRatio,BAU,Guatemala,Lena,,co2e,1,2039,,,,,,1.725
EmissionActivityRatio,BAU,Guatemala,Lena,,co2e,1,2040,,,,,,1.725
EmissionActivityRatio,BAU,Guatemala,Lena,,co2e,1,2041,,,,,,1.725
EmissionActivityRatio,BAU,Guatemala,Lena,,co2e,1,2042,,,,,,1.725
EmissionActivityRatio,BAU,Guatemala,Lena,,co2e,1,2043,,,,,,1.725
EmissionActivityRatio,BAU,Guatemala,Lena,,co2e,1,2044,,,,,,1.725
EmissionActivityRatio,BAU,Guatemala,Lena,,co2e,1,2045,,,,,,1.725
EmissionActivityRatio,BAU,Guatemala,Lena,,co2e,1,2046,,,,,,1.725
EmissionActivityRatio,BAU,Guatemala,Lena,,co2e,1,2047,,,,,,1.725
EmissionActivityRatio,BAU,Guatemala,Lena,,co2e,1,2048,,,,,,1.725
EmissionActivityRatio,BAU,Guatemala,Lena,,co2e,1,2049,,,,,,1.725
EmissionActivityRatio,BAU,Guatemala,Lena,,co2e,1,2050,,,,,,1.725
EmissionActivityRatio,BAU,Guatemala,FermentacionEnterica,,co2e,1,2016,,,,,,28.466
EmissionActivityRatio,BAU,Guatemala,FermentacionEnterica,,co2e,1,2017,,,,,,28.466
EmissionActivityRatio,BAU,Guatemala,FermentacionEnterica,,co2e,1,2018,,,,,,28.466
EmissionActivityRatio,BAU,Guatemala,FermentacionEnterica,,co2e,1,2019,,,,,,28.466
EmissionActivityRatio,BAU,Guatemala,FermentacionEnterica,,co2e,1,2020,,,,,,28.466
EmissionActivityRatio,BAU,Guatemala,FermentacionEnterica,,co2e,1,2021,,,,,,28.466
EmissionActivityRatio,BAU,Guatemala,FermentacionEnterica,,co2e,1,2022,,,,,,28.466
EmissionActivityRatio,BAU,Guatemala,FermentacionEnterica,,co2e,1,2023,,,,,,28.466
EmissionActivityRatio,BAU,Guatemala,FermentacionEnterica,,co2e,1,2024,,,,,,28.466
EmissionActivityRatio,BAU,Guatemala,FermentacionEnterica,,co2e,1,2025,,,,,,28.466
EmissionActivityRatio,BAU,Guatemala,FermentacionEnterica,,co2e,1,2026,,,,,,28.466
EmissionActivityRatio,BAU,Guatemala,FermentacionEnterica,,co2e,1,2027,,,,,,28.466
EmissionActivityRatio,BAU,Guatemala,FermentacionEnterica,,co2e,1,2028,,,,,,28.466
EmissionActivityRatio,BAU,Guatemala,FermentacionEnterica,,co2e,1,2029,,,,,,28.466
EmissionActivityRatio,BAU,Guatemala,FermentacionEnterica,,co2e,1,2030,,,,,,28.466
EmissionActivityRatio,BAU,Guatemala,FermentacionEnterica,,co2e,1,2031,,,,,,28.466
EmissionActivityRatio,BAU,Guatemala,FermentacionEnterica,,co2e,1,2032,,,,,,28.466
EmissionActivityRatio,BAU,Guatemala,FermentacionEnterica,,co2e,1,2033,,,,,,28.466
EmissionActivityRatio,BAU,Guatemala,FermentacionEnterica,,co2e,1,2034,,,,,,28.466
EmissionActivityRatio,BAU,Guatemala,FermentacionEnterica,,co2e,1,2035,,,,,,28.466
EmissionActivityRatio,BAU,Guatemala,FermentacionEnterica,,co2e,1,2036,,,,,,28.466
EmissionActivityRatio,BAU,Guatemala,FermentacionEnterica,,co2e,1,2037,,,,,,28.466
EmissionActivityRatio,BAU,Guatemala,FermentacionEnterica,,co2e,1,2038,,,,,,28.466
EmissionActivityRatio,BAU,Guatemala,FermentacionEnterica,,co2e,1,2039,,,,,,28.466
EmissionActivityRatio,BAU,Guatemala,FermentacionEnterica,,co2e,1,2040,,,,,,28.466
EmissionActivityRatio,BAU,Guatemala,FermentacionEnterica,,co2e,1,2041,,,,,,28.466
EmissionActivityRatio,BAU,Guatemala,FermentacionEnterica,,co2e,1,2042,,,,,,28.466
EmissionActivityRatio,BAU,Guatemala,FermentacionEnterica,,co2e,1,2043,,,,,,28.466
EmissionActivityRatio,BAU,Guatemala,FermentacionEnterica,,co2e,1,2044,,,,,,28.466
EmissionActivityRatio,BAU,Guatemala,FermentacionEnterica,,co2e,1,2045,,,,,,28.466
EmissionActivityRatio,BAU,Guatemala,FermentacionEnterica,,co2e,1,2046,,,,,,28.466
EmissionActivityRatio,BAU,Guatemala,FermentacionEnterica,,co2e,1,2047,,,,,,28.466
EmissionActivityRatio,BAU,Guatemala,FermentacionEnterica,,co2e,1,2048,,,,,,28.466
EmissionActivityRatio,BAU,Guatemala,FermentacionEnterica,,co2e,1,2049,,,,,,28.466
EmissionActivityRatio,BAU,Guatemala,FermentacionEnterica,,co2e,1,2050,,,,,,28.466
EmissionActivityRatio,BAU,Guatemala,GestionEstiercol1,,co2e,1,2016,,,,,,28.0
EmissionActivityRatio,BAU,Guatemala,GestionEstiercol1,,co2e,1,2017,,,,,,28.0
EmissionActivityRatio,BAU,Guatemala,GestionEstiercol1,,co2e,1,2018,,,,,,28.0
EmissionActivityRatio,BAU,Guatemala,GestionEstiercol1,,co2e,1,2019,,,,,,28.0
EmissionActivityRatio,BAU,Guatemala,GestionEstiercol1,,co2e,1,2020,,,,,,28.0
EmissionActivityRatio,BAU,Guatemala,GestionEstiercol1,,co2e,1,2021,,,,,,28.0
EmissionActivityRatio,BAU,Guatemala,GestionEstiercol1,,co2e,1,2022,,,,,,28.0
EmissionActivityRatio,BAU,Guatemala,GestionEstiercol1,,co2e,1,2023,,,,,,28.0
EmissionActivityRatio,BAU,Guatemala,GestionEstiercol1,,co2e,1,2024,,,,,,28.0
EmissionActivityRatio,BAU,Guatemala,GestionEstiercol1,,co2e,1,2025,,,,,,28.0
EmissionActivityRatio,BAU,Guatemala,GestionEstiercol1,,co2e,1,2026,,,,,,28.0
EmissionActivityRatio,BAU,Guatemala,GestionEstiercol1,,co2e,1,2027,,,,,,28.0
EmissionActivityRatio,BAU,Guatemala,GestionEstiercol1,,co2e,1,2028,,,,,,28.0
EmissionActivityRatio,BAU,Guatemala,GestionEstiercol1,,co2e,1,2029,,,,,,28.0
EmissionActivityRatio,BAU,Guatemala,GestionEstiercol1,,co2e,1,2030,,,,,,28.0
EmissionActivityRatio,BAU,Guatemala,GestionEstiercol1,,co2e,1,2031,,,,,,28.0
EmissionActivityRatio,BAU,Guatemala,GestionEstiercol1,,co2e,1,2032,,,,,,28.0
EmissionActivityRatio,BAU,Guatemala,GestionEstiercol1,,co2e,1,2033,,,,,,28.0
EmissionActivityRatio,BAU,Guatemala,GestionEstiercol1,,co2e,1,2034,,,,,,28.0
EmissionActivityRatio,BAU,Guatemala,GestionEstiercol1,,co2e,1,2035,,,,,,28.0
EmissionActivityRatio,BAU,Guatemala,GestionEstiercol1,,co2e,1,2036,,,,,,28.0
EmissionActivityRatio,BAU,Guatemala,GestionEstiercol1,,co2e,1,2037,,,,,,28.0
EmissionActivityRatio,BAU,Guatemala,GestionEstiercol1,,co2e,1,2038,,,,,,28.0
EmissionActivityRatio,BAU,Guatemala,GestionEstiercol1,,co2e,1,2039,,,,,,28.0
EmissionActivityRatio,BAU,Guatemala,GestionEstiercol1,,co2e,1,2040,,,,,,28.0
EmissionActivityRatio,BAU,Guatemala,GestionEstiercol1,,co2e,1,2041,,,,,,28.0
EmissionActivityRatio,BAU,Guatemala,GestionEstiercol1,,co2e,1,2042,,,,,,28.0
EmissionActivityRatio,BAU,Guatemala,GestionEstiercol1,,co2e,1,2043,,,,,,28.0
EmissionActivityRatio,BAU,Guatemala,GestionEstiercol1,,co2e,1,2044,,,,,,28.0
EmissionActivityRatio,BAU,Guatemala,GestionEstiercol1,,co2e,1,2045,,,,,,28.0
EmissionActivityRatio,BAU,Guatemala,GestionEstiercol1,,co2e,1,2046,,,,,,28.0
EmissionActivityRatio,BAU,Guatemala,GestionEstiercol1,,co2e,1,2047,,,,,,28.0
EmissionActivityRatio,BAU,Guatemala,GestionEstiercol1,,co2e,1,2048,,,,,,28.0
EmissionActivityRatio,BAU,Guatemala,GestionEstiercol1,,co2e,1,2049,,,,,,28.0
EmissionActivityRatio,BAU,Guatemala,GestionEstiercol1,,co2e,1,2050,,,,,,28.0
EmissionActivityRatio,BAU,Guatemala,GestionEstiercol2,,co2e,1,2016,,,,,,273.0
EmissionActivityRatio,BAU,Guatemala,GestionEstiercol2,,co2e,1,2017,,,,,,273.0
EmissionActivityRatio,BAU,Guatemala,GestionEstiercol2,,co2e,1,2018,,,,,,273.0
EmissionActivityRatio,BAU,Guatemala,GestionEstiercol2,,co2e,1,2019,,,,,,273.0
EmissionActivityRatio,BAU,Guatemala,GestionEstiercol2,,co2e,1,2020,,,,,,273.0
EmissionActivityRatio,BAU,Guatemala,GestionEstiercol2,,co2e,1,2021,,,,,,273.0
EmissionActivityRatio,BAU,Guatemala,GestionEstiercol2,,co2e,1,2022,,,,,,273.0
EmissionActivityRatio,BAU,Guatemala,GestionEstiercol2,,co2e,1,2023,,,,,,273.0
EmissionActivityRatio,BAU,Guatemala,GestionEstiercol2,,co2e,1,2024,,,,,,273.0
EmissionActivityRatio,BAU,Guatemala,GestionEstiercol2,,co2e,1,2025,,,,,,273.0
EmissionActivityRatio,BAU,Guatemala,GestionEstiercol2,,co2e,1,2026,,,,,,273.0
EmissionActivityRatio,BAU,Guatemala,GestionEstiercol2,,co2e,1,2027,,,,,,273.0
EmissionActivityRatio,BAU,Guatemala,GestionEstiercol2,,co2e,1,2028,,,,,,273.0
EmissionActivityRatio,BAU,Guatemala,GestionEstiercol2,,co2e,1,2029,,,,,,273.0
EmissionActivityRatio,BAU,Guatemala,GestionEstiercol2,,co2e,1,2030,,,,,,273.0
EmissionActivityRatio,BAU,Guatemala,GestionEstiercol2,,co2e,1,2031,,,,,,273.0
EmissionActivityRatio,BAU,Guatemala,GestionEstiercol2,,co2e,1,2032,,,,,,273.0
EmissionActivityRatio,BAU,Guatemala,GestionEstiercol2,,co2e,1,2033,,,,,,273.0
EmissionActivityRatio,BAU,Guatemala,GestionEstiercol2,,co2e,1,2034,,,,,,273.0
EmissionActivityRatio,BAU,Guatemala,GestionEstiercol2,,co2e,1,2035,,,,,,273.0
EmissionActivityRatio,BAU,Guatemala,GestionEstiercol2,,co2e,1,2036,,,,,,273.0
EmissionActivityRatio,BAU,Guatemala,GestionEstiercol2,,co2e,1,2037,,,,,,273.0
EmissionActivityRatio,BAU,Guatemala,GestionEstiercol2,,co2e,1,2038,,,,,,273.0
EmissionActivityRatio,BAU,Guatemala,GestionEstiercol2,,co2e,1,2039,,,,,,273.0
EmissionActivityRatio,BAU,Guatemala,GestionEstiercol2,,co2e,1,2040,,,,,,273.0
EmissionActivityRatio,BAU,Guatemala,GestionEstiercol2,,co2e,1,2041,,,,,,273.0
EmissionActivityRatio,BAU,Guatemala,GestionEstiercol2,,co2e,1,2042,,,,,,273.0
EmissionActivityRatio,BAU,Guatemala,GestionEstiercol2,,co2e,1,2043,,,,,,273.0
EmissionActivityRatio,BAU,Guatemala,GestionEstiercol2,,co2e,1,2044,,,,,,273.0
EmissionActivityRatio,BAU,Guatemala,GestionEstiercol2,,co2e,1,2045,,,,,,273.0
EmissionActivityRatio,BAU,Guatemala,GestionEstiercol2,,co2e,1,2046,,,,,,273.0
EmissionActivityRatio,BAU,Guatemala,GestionEstiercol2,,co2e,1,2047,,,,,,273.0
EmissionActivityRatio,BAU,Guatemala,GestionEstiercol2,,co2e,1,2048,,,,,,273.0
EmissionActivityRatio,BAU,Guatemala,GestionEstiercol2,,co2e,1,2049,,,,,,273.0
EmissionActivityRatio,BAU,Guatemala,GestionEstiercol2,,co2e,1,2050,,,,,,273.0
EmissionActivityRatio,BAU,Guatemala,CultivoArroz,,co2e,1,2016,,,,,,1.0
EmissionActivityRatio,BAU,Guatemala,CultivoArroz,,co2e,1,2017,,,,,,1.0
EmissionActivityRatio,BAU,Guatemala,CultivoArroz,,co2e,1,2018,,,,,,1.0
EmissionActivityRatio,BAU,Guatemala,CultivoArroz,,co2e,1,2019,,,,,,1.0
EmissionActivityRatio,BAU,Guatemala,CultivoArroz,,co2e,1,2020,,,,,,1.0
EmissionActivityRatio,BAU,Guatemala,CultivoArroz,,co2e,1,2021,,,,,,1.0
EmissionActivityRatio,BAU,Guatemala,CultivoArroz,,co2e,1,2022,,,,,,1.0
EmissionActivityRatio,BAU,Guatemala,CultivoArroz,,co2e,1,2023,,,,,,1.0
EmissionActivityRatio,BAU,Guatemala,CultivoArroz,,co2e,1,2024,,,,,,1.0
EmissionActivityRatio,BAU,Guatemala,CultivoArroz,,co2e,1,2025,,,,,,1.0
EmissionActivityRatio,BAU,Guatemala,CultivoArroz,,co2e,1,2026,,,,,,1.0
EmissionActivityRatio,BAU,Guatemala,CultivoArroz,,co2e,1,2027,,,,,,1.0
EmissionActivityRatio,BAU,Guatemala,CultivoArroz,,co2e,1,2028,,,,,,1.0
EmissionActivityRatio,BAU,Guatemala,CultivoArroz,,co2e,1,2029,,,,,,1.0
EmissionActivityRatio,BAU,Guatemala,CultivoArroz,,co2e,1,2030,,,,,,1.0
EmissionActivityRatio,BAU,Guatemala,CultivoArroz,,co2e,1,2031,,,,,,1.0
EmissionActivityRatio,BAU,Guatemala,CultivoArroz,,co2e,1,2032,,,,,,1.0
EmissionActivityRatio,BAU,Guatemala,CultivoArroz,,co2e,1,2033,,,,,,1.0
EmissionActivityRatio,BAU,Guatemala,CultivoArroz,,co2e,1,2034,,,,,,1.0
EmissionActivityRatio,BAU,Guatemala,CultivoArroz,,co2e,1,2035,,,,,,1.0
EmissionActivityRatio,BAU,Guatemala,CultivoArroz,,co2e,1,2036,,,,,,1.0
EmissionActivityRatio,BAU,Guatemala,CultivoArroz,,co2e,1,2037,,,,,,1.0
EmissionActivityRatio,BAU,Guatemala,CultivoArroz,,co2e,1,2038,,,,,,1.0
EmissionActivityRatio,BAU,Guatemala,CultivoArroz,,co2e,1,2039,,,,,,1.0
EmissionActivityRatio,BAU,Guatemala,CultivoArroz,,co2e,1,2040,,,,,,1.0
EmissionActivityRatio,BAU,Guatemala,CultivoArroz,,co2e,1,2041,,,,,,1.0
EmissionActivityRatio,BAU,Guatemala,CultivoArroz,,co2e,1,2042,,,,,,1.0
EmissionActivityRatio,BAU,Guatemala,CultivoArroz,,co2e,1,2043,,,,,,1.0
EmissionActivityRatio,BAU,Guatemala,CultivoArroz,,co2e,1,2044,,,,,,1.0
EmissionActivityRatio,BAU,Guatemala,CultivoArroz,,co2e,1,2045,,,,,,1.0
EmissionActivityRatio,BAU,Guatemala,CultivoArroz,,co2e,1,2046,,,,,,1.0
EmissionActivityRatio,BAU,Guatemala,CultivoArroz,,co2e,1,2047,,,,,,1.0
EmissionActivityRatio,BAU,Guatemala,CultivoArroz,,co2e,1,2048,,,,,,1.0
EmissionActivityRatio,BAU,Guatemala,CultivoArroz,,co2e,1,2049,,,,,,1.0
EmissionActivityRatio,BAU,Guatemala,CultivoArroz,,co2e,1,2050,,,,,,1.0
EmissionActivityRatio,BAU,Guatemala,SuelosAgricolas,,co2e,1,2016,,,,,,1.0
EmissionActivityRatio,BAU,Guatemala,SuelosAgricolas,,co2e,1,2017,,,,,,1.0
EmissionActivityRatio,BAU,Guatemala,SuelosAgricolas,,co2e,1,2018,,,,,,1.0
EmissionActivityRatio,BAU,Guatemala,SuelosAgricolas,,co2e,1,2019,,,,,,1.0
EmissionActivityRatio,BAU,Guatemala,SuelosAgricolas,,co2e,1,2020,,,,,,1.0
EmissionActivityRatio,BAU,Guatemala,SuelosAgricolas,,co2e,1,2021,,,,,,1.0
EmissionActivityRatio,BAU,Guatemala,SuelosAgricolas,,co2e,1,2022,,,,,,1.0
EmissionActivityRatio,BAU,Guatemala,SuelosAgricolas,,co2e,1,2023,,,,,,1.0
EmissionActivityRatio,BAU,Guatemala,SuelosAgricolas,,co2e,1,2024,,,,,,1.0
EmissionActivityRatio,BAU,Guatemala,SuelosAgricolas,,co2e,1,2025,,,,,,1.0
EmissionActivityRatio,BAU,Guatemala,SuelosAgricolas,,co2e,1,2026,,,,,,1.0
EmissionActivityRatio,BAU,Guatemala,SuelosAgricolas,,co2e,1,2027,,,,,,1.0
EmissionActivityRatio,BAU,Guatemala,SuelosAgricolas,,co2e,1,2028,,,,,,1.0
EmissionActivityRatio,BAU,Guatemala,SuelosAgricolas,,co2e,1,2029,,,,,,1.0
EmissionActivityRatio,BAU,Guatemala,SuelosAgricolas,,co2e,1,2030,,,,,,1.0
EmissionActivityRatio,BAU,Guatemala,SuelosAgricolas,,co2e,1,2031,,,,,,1.0
EmissionActivityRatio,BAU,Guatemala,SuelosAgricolas,,co2e,1,2032,,,,,,1.0
EmissionActivityRatio,BAU,Guatemala,SuelosAgricolas,,co2e,1,2033,,,,,,1.0
EmissionActivityRatio,BAU,Guatemala,SuelosAgricolas,,co2e,1,2034,,,,,,1.0
EmissionActivityRatio,BAU,Guatemala,SuelosAgricolas,,co2e,1,2035,,,,,,1.0
EmissionActivityRatio,BAU,Guatemala,SuelosAgricolas,,co2e,1,2036,,,,,,1.0
EmissionActivityRatio,BAU,Guatemala,SuelosAgricolas,,co2e,1,2037,,,,,,1.0
EmissionActivityRatio,BAU,Guatemala,SuelosAgricolas,,co2e,1,2038,,,,,,1.0
EmissionActivityRatio,BAU,Guatemala,SuelosAgricolas,,co2e,1,2039,,,,,,1.0
EmissionActivityRatio,BAU,Guatemala,SuelosAgricolas,,co2e,1,2040,,,,,,1.0
EmissionActivityRatio,BAU,Guatemala,SuelosAgricolas,,co2e,1,2041,,,,,,1.0
EmissionActivityRatio,BAU,Guatemala,SuelosAgricolas,,co2e,1,2042,,,,,,1.0
EmissionActivityRatio,BAU,Guatemala,SuelosAgricolas,,co2e,1,2043,,,,,,1.0
EmissionActivityRatio,BAU,Guatemala,SuelosAgricolas,,co2e,1,2044,,,,,,1.0
EmissionActivityRatio,BAU,Guatemala,SuelosAgricolas,,co2e,1,2045,,,,,,1.0
EmissionActivityRatio,BAU,Guatemala,SuelosAgricolas,,co2e,1,2046,,,,,,1.0
EmissionActivityRatio,BAU,Guatemala,SuelosAgricolas,,co2e,1,2047,,,,,,1.0
EmissionActivityRatio,BAU,Guatemala,SuelosAgricolas,,co2e,1,2048,,,,,,1.0
EmissionActivityRatio,BAU,Guatemala,SuelosAgricolas,,co2e,1,2049,,,,,,1.0
EmissionActivityRatio,BAU,Guatemala,SuelosAgricolas,,co2e,1,2050,,,,,,1.0
EmissionActivityRatio,BAU,Guatemala,OtrosAgricolas,,co2e,1,2016,,,,,,1.0
EmissionActivityRatio,BAU,Guatemala,OtrosAgricolas,,co2e,1,2017,,,,,,1.0
EmissionActivityRatio,BAU,Guatemala,OtrosAgricolas,,co2e,1,2018,,,,,,1.0
EmissionActivityRatio,BAU,Guatemala,OtrosAgricolas,,co2e,1,2019,,,,,,1.0
EmissionActivityRatio,BAU,Guatemala,OtrosAgricolas,,co2e,1,2020,,,,,,1.0
EmissionActivityRatio,BAU,Guatemala,OtrosAgricolas,,co2e,1,2021,,,,,,1.0
EmissionActivityRatio,BAU,Guatemala,OtrosAgricolas,,co2e,1,2022,,,,,,1.0
EmissionActivityRatio,BAU,Guatemala,OtrosAgricolas,,co2e,1,2023,,,,,,1.0
EmissionActivityRatio,BAU,Guatemala,OtrosAgricolas,,co2e,1,2024,,,,,,1.0
EmissionActivityRatio,BAU,Guatemala,OtrosAgricolas,,co2e,1,2025,,,,,,1.0
EmissionActivityRatio,BAU,Guatemala,OtrosAgricolas,,co2e,1,2026,,,,,,1.0
EmissionActivityRatio,BAU,Guatemala,OtrosAgricolas,,co2e,1,2027,,,,,,1.0
EmissionActivityRatio,BAU,Guatemala,OtrosAgricolas,,co2e,1,2028,,,,,,1.0
EmissionActivityRatio,BAU,Guatemala,OtrosAgricolas,,co2e,1,2029,,,,,,1.0
EmissionActivityRatio,BAU,Guatemala,OtrosAgricolas,,co2e,1,2030,,,,,,1.0
EmissionActivityRatio,BAU,Guatemala,OtrosAgricolas,,co2e,1,2031,,,,,,1.0
EmissionActivityRatio,BAU,Guatemala,OtrosAgricolas,,co2e,1,2032,,,,,,1.0
EmissionActivityRatio,BAU,Guatemala,OtrosAgricolas,,co2e,1,2033,,,,,,1.0
EmissionActivityRatio,BAU,Guatemala,OtrosAgricolas,,co2e,1,2034,,,,,,1.0
EmissionActivityRatio,BAU,Guatemala,OtrosAgricolas,,co2e,1,2035,,,,,,1.0
EmissionActivityRatio,BAU,Guatemala,OtrosAgricolas,,co2e,1,2036,,,,,,1.0
EmissionActivityRatio,BAU,Guatemala,OtrosAgricolas,,co2e,1,2037,,,,,,1.0
EmissionActivityRatio,BAU,Guatemala,OtrosAgricolas,,co2e,1,2038,,,,,,1.0
EmissionActivityRatio,BAU,Guatemala,OtrosAgricolas,,co2e,1,2039,,,,,,1.0
EmissionActivityRatio,BAU,Guatemala,OtrosAgricolas,,co2e,1,2040,,,,,,1.0
EmissionActivityRatio,BAU,Guatemala,OtrosAgricolas,,co2e,1,2041,,,,,,1.0
EmissionActivityRatio,BAU,Guatemala,OtrosAgricolas,,co2e,1,2042,,,,,,1.0
EmissionActivityRatio,BAU,Guatemala,OtrosAgricolas,,co2e,1,2043,,,,,,1.0
EmissionActivityRatio,BAU,Guatemala,OtrosAgricolas,,co2e,1,2044,,,,,,1.0
EmissionActivityRatio,BAU,Guatemala,OtrosAgricolas,,co2e,1,2045,,,,,,1.0
EmissionActivityRatio,BAU,Guatemala,OtrosAgricolas,,co2e,1,2046,,,,,,1.0
EmissionActivityRatio,BAU,Guatemala,OtrosAgricolas,,co2e,1,2047,,,,,,1.0
EmissionActivityRatio,BAU,Guatemala,OtrosAgricolas,,co2e,1,2048,,,,,,1.0
EmissionActivityRatio,BAU,Guatemala,OtrosAgricolas,,co2e,1,2049,,,,,,1.0
EmissionActivityRatio,BAU,Guatemala,OtrosAgricolas,,co2e,1,2050,,,,,,1.0
EmissionActivityRatio,BAU,Guatemala,Casas_lena,,dano_lena,1,2016,,,,,,1.0
EmissionActivityRatio,BAU,Guatemala,Casas_lena,,dano_lena,1,2017,,,,,,1.0
EmissionActivityRatio,BAU,Guatemala,Casas_lena,,dano_lena,1,2018,,,,,,1.0
EmissionActivityRatio,BAU,Guatemala,Casas_lena,,dano_lena,1,2019,,,,,,1.0
EmissionActivityRatio,BAU,Guatemala,Casas_lena,,dano_lena,1,2020,,,,,,1.0
EmissionActivityRatio,BAU,Guatemala,Casas_lena,,dano_lena,1,2021,,,,,,1.0
EmissionActivityRatio,BAU,Guatemala,Casas_lena,,dano_lena,1,2022,,,,,,1.0
EmissionActivityRatio,BAU,Guatemala,Casas_lena,,dano_lena,1,2023,,,,,,1.0
EmissionActivityRatio,BAU,Guatemala,Casas_lena,,dano_lena,1,2024,,,,,,1.0
EmissionActivityRatio,BAU,Guatemala,Casas_lena,,dano_lena,1,2025,,,,,,1.0
EmissionActivityRatio,BAU,Guatemala,Casas_lena,,dano_lena,1,2026,,,,,,1.0
EmissionActivityRatio,BAU,Guatemala,Casas_lena,,dano_lena,1,2027,,,,,,1.0
EmissionActivityRatio,BAU,Guatemala,Casas_lena,,dano_lena,1,2028,,,,,,1.0
EmissionActivityRatio,BAU,Guatemala,Casas_lena,,dano_lena,1,2029,,,,,,1.0
EmissionActivityRatio,BAU,Guatemala,Casas_lena,,dano_lena,1,2030,,,,,,1.0
EmissionActivityRatio,BAU,Guatemala,Casas_lena,,dano_lena,1,2031,,,,,,1.0
EmissionActivityRatio,BAU,Guatemala,Casas_lena,,dano_lena,1,2032,,,,,,1.0
EmissionActivityRatio,BAU,Guatemala,Casas_lena,,dano_lena,1,2033,,,,,,1.0
EmissionActivityRatio,BAU,Guatemala,Casas_lena,,dano_lena,1,2034,,,,,,1.0
EmissionActivityRatio,BAU,Guatemala,Casas_lena,,dano_lena,1,2035,,,,,,1.0
EmissionActivityRatio,BAU,Guatemala,Casas_lena,,dano_lena,1,2036,,,,,,1.0
EmissionActivityRatio,BAU,Guatemala,Casas_lena,,dano_lena,1,2037,,,,,,1.0
EmissionActivityRatio,BAU,Guatemala,Casas_lena,,dano_lena,1,2038,,,,,,1.0
EmissionActivityRatio,BAU,Guatemala,Casas_lena,,dano_lena,1,2039,,,,,,1.0
EmissionActivityRatio,BAU,Guatemala,Casas_lena,,dano_lena,1,2040,,,,,,1.0
EmissionActivityRatio,BAU,Guatemala,Casas_lena,,dano_lena,1,2041,,,,,,1.0
EmissionActivityRatio,BAU,Guatemala,Casas_lena,,dano_lena,1,2042,,,,,,1.0
EmissionActivityRatio,BAU,Guatemala,Casas_lena,,dano_lena,1,2043,,,,,,1.0
EmissionActivityRatio,BAU,Guatemala,Casas_lena,,dano_lena,1,2044,,,,,,1.0
EmissionActivityRatio,BAU,Guatemala,Casas_lena,,dano_lena,1,2045,,,,,,1.0
EmissionActivityRatio,BAU,Guatemala,Casas_lena,,dano_lena,1,2046,,,,,,1.0
EmissionActivityRatio,BAU,Guatemala,Casas_lena,,dano_lena,1,2047,,,,,,1.0
EmissionActivityRatio,BAU,Guatemala,Casas_lena,,dano_lena,1,2048,,,,,,1.0
EmissionActivityRatio,BAU,Guatemala,Casas_lena,,dano_lena,1,2049,,,,,,1.0
EmissionActivityRatio,BAU,Guatemala,Casas_lena,,dano_lena,1,2050,,,,,,1.0
EmissionActivityRatio,BAU,Guatemala,AG1a,,AG1a_income,1,2016,,,,,,1.0
EmissionActivityRatio,BAU,Guatemala,AG1a,,AG1a_income,1,2017,,,,,,1.0
EmissionActivityRatio,BAU,Guatemala,AG1a,,AG1a_income,1,2018,,,,,,1.0
EmissionActivityRatio,BAU,Guatemala,AG1a,,AG1a_income,1,2019,,,,,,1.0
EmissionActivityRatio,BAU,Guatemala,AG1a,,AG1a_income,1,2020,,,,,,1.0
EmissionActivityRatio,BAU,Guatemala,AG1a,,AG1a_income,1,2021,,,,,,1.0
EmissionActivityRatio,BAU,Guatemala,AG1a,,AG1a_income,1,2022,,,,,,1.0
EmissionActivityRatio,BAU,Guatemala,AG1a,,AG1a_income,1,2023,,,,,,1.0
EmissionActivityRatio,BAU,Guatemala,AG1a,,AG1a_income,1,2024,,,,,,1.0
EmissionActivityRatio,BAU,Guatemala,AG1a,,AG1a_income,1,2025,,,,,,1.0
EmissionActivityRatio,BAU,Guatemala,AG1a,,AG1a_income,1,2026,,,,,,1.0
EmissionActivityRatio,BAU,Guatemala,AG1a,,AG1a_income,1,2027,,,,,,1.0
EmissionActivityRatio,BAU,Guatemala,AG1a,,AG1a_income,1,2028,,,,,,1.0
EmissionActivityRatio,BAU,Guatemala,AG1a,,AG1a_income,1,2029,,,,,,1.0
EmissionActivityRatio,BAU,Guatemala,AG1a,,AG1a_income,1,2030,,,,,,1.0
EmissionActivityRatio,BAU,Guatemala,AG1a,,AG1a_income,1,2031,,,,,,1.0
EmissionActivityRatio,BAU,Guatemala,AG1a,,AG1a_income,1,2032,,,,,,1.0
EmissionActivityRatio,BAU,Guatemala,AG1a,,AG1a_income,1,2033,,,,,,1.0
EmissionActivityRatio,BAU,Guatemala,AG1a,,AG1a_income,1,2034,,,,,,1.0
EmissionActivityRatio,BAU,Guatemala,AG1a,,AG1a_income,1,2035,,,,,,1.0
EmissionActivityRatio,BAU,Guatemala,AG1a,,AG1a_income,1,2036,,,,,,1.0
EmissionActivityRatio,BAU,Guatemala,AG1a,,AG1a_income,1,2037,,,,,,1.0
EmissionActivityRatio,BAU,Guatemala,AG1a,,AG1a_income,1,2038,,,,,,1.0
EmissionActivityRatio,BAU,Guatemala,AG1a,,AG1a_income,1,2039,,,,,,1.0
EmissionActivityRatio,BAU,Guatemala,AG1a,,AG1a_income,1,2040,,,,,,1.0
EmissionActivityRatio,BAU,Guatemala,AG1a,,AG1a_income,1,2041,,,,,,1.0
EmissionActivityRatio,BAU,Guatemala,AG1a,,AG1a_income,1,2042,,,,,,1.0
EmissionActivityRatio,BAU,Guatemala,AG1a,,AG1a_income,1,2043,,,,,,1.0
EmissionActivityRatio,BAU,Guatemala,AG1a,,AG1a_income,1,2044,,,,,,1.0
EmissionActivityRatio,BAU,Guatemala,AG1a,,AG1a_income,1,2045,,,,,,1.0
EmissionActivityRatio,BAU,Guatemala,AG1a,,AG1a_income,1,2046,,,,,,1.0
EmissionActivityRatio,BAU,Guatemala,AG1a,,AG1a_income,1,2047,,,,,,1.0
EmissionActivityRatio,BAU,Guatemala,AG1a,,AG1a_income,1,2048,,,,,,1.0
EmissionActivityRatio,BAU,Guatemala,AG1a,,AG1a_income,1,2049,,,,,,1.0
EmissionActivityRatio,BAU,Guatemala,AG1a,,AG1a_income,1,2050,,,,,,1.0
EmissionActivityRatio,BAU,Guatemala,AG1b,,AG1b_income,1,2016,,,,,,1.0
EmissionActivityRatio,BAU,Guatemala,AG1b,,AG1b_income,1,2017,,,,,,1.0
EmissionActivityRatio,BAU,Guatemala,AG1b,,AG1b_income,1,2018,,,,,,1.0
EmissionActivityRatio,BAU,Guatemala,AG1b,,AG1b_income,1,2019,,,,,,1.0
EmissionActivityRatio,BAU,Guatemala,AG1b,,AG1b_income,1,2020,,,,,,1.0
EmissionActivityRatio,BAU,Guatemala,AG1b,,AG1b_income,1,2021,,,,,,1.0
EmissionActivityRatio,BAU,Guatemala,AG1b,,AG1b_income,1,2022,,,,,,1.0
EmissionActivityRatio,BAU,Guatemala,AG1b,,AG1b_income,1,2023,,,,,,1.0
EmissionActivityRatio,BAU,Guatemala,AG1b,,AG1b_income,1,2024,,,,,,1.0
EmissionActivityRatio,BAU,Guatemala,AG1b,,AG1b_income,1,2025,,,,,,1.0
EmissionActivityRatio,BAU,Guatemala,AG1b,,AG1b_income,1,2026,,,,,,1.0
EmissionActivityRatio,BAU,Guatemala,AG1b,,AG1b_income,1,2027,,,,,,1.0
EmissionActivityRatio,BAU,Guatemala,AG1b,,AG1b_income,1,2028,,,,,,1.0
EmissionActivityRatio,BAU,Guatemala,AG1b,,AG1b_income,1,2029,,,,,,1.0
EmissionActivityRatio,BAU,Guatemala,AG1b,,AG1b_income,1,2030,,,,,,1.0
EmissionActivityRatio,BAU,Guatemala,AG1b,,AG1b_income,1,2031,,,,,,1.0
EmissionActivityRatio,BAU,Guatemala,AG1b,,AG1b_income,1,2032,,,,,,1.0
EmissionActivityRatio,BAU,Guatemala,AG1b,,AG1b_income,1,2033,,,,,,1.0
EmissionActivityRatio,BAU,Guatemala,AG1b,,AG1b_income,1,2034,,,,,,1.0
EmissionActivityRatio,BAU,Guatemala,AG1b,,AG1b_income,1,2035,,,,,,1.0
EmissionActivityRatio,BAU,Guatemala,AG1b,,AG1b_income,1,2036,,,,,,1.0
EmissionActivityRatio,BAU,Guatemala,AG1b,,AG1b_income,1,2037,,,,,,1.0
EmissionActivityRatio,BAU,Guatemala,AG1b,,AG1b_income,1,2038,,,,,,1.0
EmissionActivityRatio,BAU,Guatemala,AG1b,,AG1b_income,1,2039,,,,,,1.0
EmissionActivityRatio,BAU,Guatemala,AG1b,,AG1b_income,1,2040,,,,,,1.0
EmissionActivityRatio,BAU,Guatemala,AG1b,,AG1b_income,1,2041,,,,,,1.0
EmissionActivityRatio,BAU,Guatemala,AG1b,,AG1b_income,1,2042,,,,,,1.0
EmissionActivityRatio,BAU,Guatemala,AG1b,,AG1b_income,1,2043,,,,,,1.0
EmissionActivityRatio,BAU,Guatemala,AG1b,,AG1b_income,1,2044,,,,,,1.0
EmissionActivityRatio,BAU,Guatemala,AG1b,,AG1b_income,1,2045,,,,,,1.0
EmissionActivityRatio,BAU,Guatemala,AG1b,,AG1b_income,1,2046,,,,,,1.0
EmissionActivityRatio,BAU,Guatemala,AG1b,,AG1b_income,1,2047,,,,,,1.0
EmissionActivityRatio,BAU,Guatemala,AG1b,,AG1b_income,1,2048,,,,,,1.0
EmissionActivityRatio,BAU,Guatemala,AG1b,,AG1b_income,1,2049,,,,,,1.0
EmissionActivityRatio,BAU,Guatemala,AG1b,,AG1b_income,1,2050,,,,,,1.0
EmissionActivityRatio,BAU,Guatemala,AG2,,AG2_income,1,2016,,,,,,1.0
EmissionActivityRatio,BAU,Guatemala,AG2,,AG2_income,1,2017,,,,,,1.0
EmissionActivityRatio,BAU,Guatemala,AG2,,AG2_income,1,2018,,,,,,1.0
EmissionActivityRatio,BAU,Guatemala,AG2,,AG2_income,1,2019,,,,,,1.0
EmissionActivityRatio,BAU,Guatemala,AG2,,AG2_income,1,2020,,,,,,1.0
EmissionActivityRatio,BAU,Guatemala,AG2,,AG2_income,1,2021,,,,,,1.0
EmissionActivityRatio,BAU,Guatemala,AG2,,AG2_income,1,2022,,,,,,1.0
EmissionActivityRatio,BAU,Guatemala,AG2,,AG2_income,1,2023,,,,,,1.0
EmissionActivityRatio,BAU,Guatemala,AG2,,AG2_income,1,2024,,,,,,1.0
EmissionActivityRatio,BAU,Guatemala,AG2,,AG2_income,1,2025,,,,,,1.0
EmissionActivityRatio,BAU,Guatemala,AG2,,AG2_income,1,2026,,,,,,1.0
EmissionActivityRatio,BAU,Guatemala,AG2,,AG2_income,1,2027,,,,,,1.0
EmissionActivityRatio,BAU,Guatemala,AG2,,AG2_income,1,2028,,,,,,1.0
EmissionActivityRatio,BAU,Guatemala,AG2,,AG2_income,1,2029,,,,,,1.0
EmissionActivityRatio,BAU,Guatemala,AG2,,AG2_income,1,2030,,,,,,1.0
EmissionActivityRatio,BAU,Guatemala,AG2,,AG2_income,1,2031,,,,,,1.0
EmissionActivityRatio,BAU,Guatemala,AG2,,AG2_income,1,2032,,,,,,1.0
EmissionActivityRatio,BAU,Guatemala,AG2,,AG2_income,1,2033,,,,,,1.0
EmissionActivityRatio,BAU,Guatemala,AG2,,AG2_income,1,2034,,,,,,1.0
EmissionActivityRatio,BAU,Guatemala,AG2,,AG2_income,1,2035,,,,,,1.0
EmissionActivityRatio,BAU,Guatemala,AG2,,AG2_income,1,2036,,,,,,1.0
EmissionActivityRatio,BAU,Guatemala,AG2,,AG2_income,1,2037,,,,,,1.0
EmissionActivityRatio,BAU,Guatemala,AG2,,AG2_income,1,2038,,,,,,1.0
EmissionActivityRatio,BAU,Guatemala,AG2,,AG2_income,1,2039,,,,,,1.0
EmissionActivityRatio,BAU,Guatemala,AG2,,AG2_income,1,2040,,,,,,1.0
EmissionActivityRatio,BAU,Guatemala,AG2,,AG2_income,1,2041,,,,,,1.0
EmissionActivityRatio,BAU,Guatemala,AG2,,AG2_income,1,2042,,,,,,1.0
EmissionActivityRatio,BAU,Guatemala,AG2,,AG2_income,1,2043,,,,,,1.0
EmissionActivityRatio,BAU,Guatemala,AG2,,AG2_income,1,2044,,,,,,1.0
EmissionActivityRatio,BAU,Guatemala,AG2,,AG2_income,1,2045,,,,,,1.0
EmissionActivityRatio,BAU,Guatemala,AG2,,AG2_income,1,2046,,,,,,1.0
EmissionActivityRatio,BAU,Guatemala,AG2,,AG2_income,1,2047,,,,,,1.0
EmissionActivityRatio,BAU,Guatemala,AG2,,AG2_income,1,2048,,,,,,1.0
EmissionActivityRatio,BAU,Guatemala,AG2,,AG2_income,1,2049,,,,,,1.0
EmissionActivityRatio,BAU,Guatemala,AG2,,AG2_income,1,2050,,,,,,1.0
EmissionActivityRatio,BAU,Guatemala,AG3,,AG3_income,1,2016,,,,,,1.0
EmissionActivityRatio,BAU,Guatemala,AG3,,AG3_income,1,2017,,,,,,1.0
EmissionActivityRatio,BAU,Guatemala,AG3,,AG3_income,1,2018,,,,,,1.0
EmissionActivityRatio,BAU,Guatemala,AG3,,AG3_income,1,2019,,,,,,1.0
EmissionActivityRatio,BAU,Guatemala,AG3,,AG3_income,1,2020,,,,,,1.0
EmissionActivityRatio,BAU,Guatemala,AG3,,AG3_income,1,2021,,,,,,1.0
EmissionActivityRatio,BAU,Guatemala,AG3,,AG3_income,1,2022,,,,,,1.0
EmissionActivityRatio,BAU,Guatemala,AG3,,AG3_income,1,2023,,,,,,1.0
EmissionActivityRatio,BAU,Guatemala,AG3,,AG3_income,1,2024,,,,,,1.0
EmissionActivityRatio,BAU,Guatemala,AG3,,AG3_income,1,2025,,,,,,1.0
EmissionActivityRatio,BAU,Guatemala,AG3,,AG3_income,1,2026,,,,,,1.0
EmissionActivityRatio,BAU,Guatemala,AG3,,AG3_income,1,2027,,,,,,1.0
EmissionActivityRatio,BAU,Guatemala,AG3,,AG3_income,1,2028,,,,,,1.0
EmissionActivityRatio,BAU,Guatemala,AG3,,AG3_income,1,2029,,,,,,1.0
EmissionActivityRatio,BAU,Guatemala,AG3,,AG3_income,1,2030,,,,,,1.0
EmissionActivityRatio,BAU,Guatemala,AG3,,AG3_income,1,2031,,,,,,1.0
EmissionActivityRatio,BAU,Guatemala,AG3,,AG3_income,1,2032,,,,,,1.0
EmissionActivityRatio,BAU,Guatemala,AG3,,AG3_income,1,2033,,,,,,1.0
EmissionActivityRatio,BAU,Guatemala,AG3,,AG3_income,1,2034,,,,,,1.0
EmissionActivityRatio,BAU,Guatemala,AG3,,AG3_income,1,2035,,,,,,1.0
EmissionActivityRatio,BAU,Guatemala,AG3,,AG3_income,1,2036,,,,,,1.0
EmissionActivityRatio,BAU,Guatemala,AG3,,AG3_income,1,2037,,,,,,1.0
EmissionActivityRatio,BAU,Guatemala,AG3,,AG3_income,1,2038,,,,,,1.0
EmissionActivityRatio,BAU,Guatemala,AG3,,AG3_income,1,2039,,,,,,1.0
EmissionActivityRatio,BAU,Guatemala,AG3,,AG3_income,1,2040,,,,,,1.0
EmissionActivityRatio,BAU,Guatemala,AG3,,AG3_income,1,2041,,,,,,1.0
EmissionActivityRatio,BAU,Guatemala,AG3,,AG3_income,1,2042,,,,,,1.0
EmissionActivityRatio,BAU,Guatemala,AG3,,AG3_income,1,2043,,,,,,1.0
EmissionActivityRatio,BAU,Guatemala,AG3,,AG3_income,1,2044,,,,,,1.0
EmissionActivityRatio,BAU,Guatemala,AG3,,AG3_income,1,2045,,,,,,1.0
EmissionActivityRatio,BAU,Guatemala,AG3,,AG3_income,1,2046,,,,,,1.0
EmissionActivityRatio,BAU,Guatemala,AG3,,AG3_income,1,2047,,,,,,1.0
EmissionActivityRatio,BAU,Guatemala,AG3,,AG3_income,1,2048,,,,,,1.0
EmissionActivityRatio,BAU,Guatemala,AG3,,AG3_income,1,2049,,,,,,1.0
EmissionActivityRatio,BAU,Guatemala,AG3,,AG3_income,1,2050,,,,,,1.0
EmissionActivityRatio,BAU,Guatemala,AG4,,AG4_income,1,2016,,,,,,1.0
EmissionActivityRatio,BAU,Guatemala,AG4,,AG4_income,1,2017,,,,,,1.0
EmissionActivityRatio,BAU,Guatemala,AG4,,AG4_income,1,2018,,,,,,1.0
EmissionActivityRatio,BAU,Guatemala,AG4,,AG4_income,1,2019,,,,,,1.0
EmissionActivityRatio,BAU,Guatemala,AG4,,AG4_income,1,2020,,,,,,1.0
EmissionActivityRatio,BAU,Guatemala,AG4,,AG4_income,1,2021,,,,,,1.0
EmissionActivityRatio,BAU,Guatemala,AG4,,AG4_income,1,2022,,,,,,1.0
EmissionActivityRatio,BAU,Guatemala,AG4,,AG4_income,1,2023,,,,,,1.0
EmissionActivityRatio,BAU,Guatemala,AG4,,AG4_income,1,2024,,,,,,1.0
EmissionActivityRatio,BAU,Guatemala,AG4,,AG4_income,1,2025,,,,,,1.0
EmissionActivityRatio,BAU,Guatemala,AG4,,AG4_income,1,2026,,,,,,1.0
EmissionActivityRatio,BAU,Guatemala,AG4,,AG4_income,1,2027,,,,,,1.0
EmissionActivityRatio,BAU,Guatemala,AG4,,AG4_income,1,2028,,,,,,1.0
EmissionActivityRatio,BAU,Guatemala,AG4,,AG4_income,1,2029,,,,,,1.0
EmissionActivityRatio,BAU,Guatemala,AG4,,AG4_income,1,2030,,,,,,1.0
EmissionActivityRatio,BAU,Guatemala,AG4,,AG4_income,1,2031,,,,,,1.0
EmissionActivityRatio,BAU,Guatemala,AG4,,AG4_income,1,2032,,,,,,1.0
EmissionActivityRatio,BAU,Guatemala,AG4,,AG4_income,1,2033,,,,,,1.0
EmissionActivityRatio,BAU,Guatemala,AG4,,AG4_income,1,2034,,,,,,1.0
EmissionActivityRatio,BAU,Guatemala,AG4,,AG4_income,1,2035,,,,,,1.0
EmissionActivityRatio,BAU,Guatemala,AG4,,AG4_income,1,2036,,,,,,1.0
EmissionActivityRatio,BAU,Guatemala,AG4,,AG4_income,1,2037,,,,,,1.0
EmissionActivityRatio,BAU,Guatemala,AG4,,AG4_income,1,2038,,,,,,1.0
EmissionActivityRatio,BAU,Guatemala,AG4,,AG4_income,1,2039,,,,,,1.0
EmissionActivityRatio,BAU,Guatemala,AG4,,AG4_income,1,2040,,,,,,1.0
EmissionActivityRatio,BAU,Guatemala,AG4,,AG4_income,1,2041,,,,,,1.0
EmissionActivityRatio,BAU,Guatemala,AG4,,AG4_income,1,2042,,,,,,1.0
EmissionActivityRatio,BAU,Guatemala,AG4,,AG4_income,1,2043,,,,,,1.0
EmissionActivityRatio,BAU,Guatemala,AG4,,AG4_income,1,2044,,,,,,1.0
EmissionActivityRatio,BAU,Guatemala,AG4,,AG4_income,1,2045,,,,,,1.0
EmissionActivityRatio,BAU,Guatemala,AG4,,AG4_income,1,2046,,,,,,1.0
EmissionActivityRatio,BAU,Guatemala,AG4,,AG4_income,1,2047,,,,,,1.0
EmissionActivityRatio,BAU,Guatemala,AG4,,AG4_income,1,2048,,,,,,1.0
EmissionActivityRatio,BAU,Guatemala,AG4,,AG4_income,1,2049,,,,,,1.0
EmissionActivityRatio,BAU,Guatemala,AG4,,AG4_income,1,2050,,,,,,1.0
EmissionActivityRatio,BAU,Guatemala,GAN1,,GAN1_income,1,2016,,,,,,1.0
EmissionActivityRatio,BAU,Guatemala,GAN1,,GAN1_income,1,2017,,,,,,1.0
EmissionActivityRatio,BAU,Guatemala,GAN1,,GAN1_income,1,2018,,,,,,1.0
EmissionActivityRatio,BAU,Guatemala,GAN1,,GAN1_income,1,2019,,,,,,1.0
EmissionActivityRatio,BAU,Guatemala,GAN1,,GAN1_income,1,2020,,,,,,1.0
EmissionActivityRatio,BAU,Guatemala,GAN1,,GAN1_income,1,2021,,,,,,1.0
EmissionActivityRatio,BAU,Guatemala,GAN1,,GAN1_income,1,2022,,,,,,1.0
EmissionActivityRatio,BAU,Guatemala,GAN1,,GAN1_income,1,2023,,,,,,1.0
EmissionActivityRatio,BAU,Guatemala,GAN1,,GAN1_income,1,2024,,,,,,1.0
EmissionActivityRatio,BAU,Guatemala,GAN1,,GAN1_income,1,2025,,,,,,1.0
EmissionActivityRatio,BAU,Guatemala,GAN1,,GAN1_income,1,2026,,,,,,1.0
EmissionActivityRatio,BAU,Guatemala,GAN1,,GAN1_income,1,2027,,,,,,1.0
EmissionActivityRatio,BAU,Guatemala,GAN1,,GAN1_income,1,2028,,,,,,1.0
EmissionActivityRatio,BAU,Guatemala,GAN1,,GAN1_income,1,2029,,,,,,1.0
EmissionActivityRatio,BAU,Guatemala,GAN1,,GAN1_income,1,2030,,,,,,1.0
EmissionActivityRatio,BAU,Guatemala,GAN1,,GAN1_income,1,2031,,,,,,1.0
EmissionActivityRatio,BAU,Guatemala,GAN1,,GAN1_income,1,2032,,,,,,1.0
EmissionActivityRatio,BAU,Guatemala,GAN1,,GAN1_income,1,2033,,,,,,1.0
EmissionActivityRatio,BAU,Guatemala,GAN1,,GAN1_income,1,2034,,,,,,1.0
EmissionActivityRatio,BAU,Guatemala,GAN1,,GAN1_income,1,2035,,,,,,1.0
EmissionActivityRatio,BAU,Guatemala,GAN1,,GAN1_income,1,2036,,,,,,1.0
EmissionActivityRatio,BAU,Guatemala,GAN1,,GAN1_income,1,2037,,,,,,1.0
EmissionActivityRatio,BAU,Guatemala,GAN1,,GAN1_income,1,2038,,,,,,1.0
EmissionActivityRatio,BAU,Guatemala,GAN1,,GAN1_income,1,2039,,,,,,1.0
EmissionActivityRatio,BAU,Guatemala,GAN1,,GAN1_income,1,2040,,,,,,1.0
EmissionActivityRatio,BAU,Guatemala,GAN1,,GAN1_income,1,2041,,,,,,1.0
EmissionActivityRatio,BAU,Guatemala,GAN1,,GAN1_income,1,2042,,,,,,1.0
EmissionActivityRatio,BAU,Guatemala,GAN1,,GAN1_income,1,2043,,,,,,1.0
EmissionActivityRatio,BAU,Guatemala,GAN1,,GAN1_income,1,2044,,,,,,1.0
EmissionActivityRatio,BAU,Guatemala,GAN1,,GAN1_income,1,2045,,,,,,1.0
EmissionActivityRatio,BAU,Guatemala,GAN1,,GAN1_income,1,2046,,,,,,1.0
EmissionActivityRatio,BAU,Guatemala,GAN1,,GAN1_income,1,2047,,,,,,1.0
EmissionActivityRatio,BAU,Guatemala,GAN1,,GAN1_income,1,2048,,,,,,1.0
EmissionActivityRatio,BAU,Guatemala,GAN1,,GAN1_income,1,2049,,,,,,1.0
EmissionActivityRatio,BAU,Guatemala,GAN1,,GAN1_income,1,2050,,,,,,1.0
EmissionActivityRatio,BAU,Guatemala,GAN2,,GAN2_income,1,2016,,,,,,1.0
EmissionActivityRatio,BAU,Guatemala,GAN2,,GAN2_income,1,2017,,,,,,1.0
EmissionActivityRatio,BAU,Guatemala,GAN2,,GAN2_income,1,2018,,,,,,1.0
EmissionActivityRatio,BAU,Guatemala,GAN2,,GAN2_income,1,2019,,,,,,1.0
EmissionActivityRatio,BAU,Guatemala,GAN2,,GAN2_income,1,2020,,,,,,1.0
EmissionActivityRatio,BAU,Guatemala,GAN2,,GAN2_income,1,2021,,,,,,1.0
EmissionActivityRatio,BAU,Guatemala,GAN2,,GAN2_income,1,2022,,,,,,1.0
EmissionActivityRatio,BAU,Guatemala,GAN2,,GAN2_income,1,2023,,,,,,1.0
EmissionActivityRatio,BAU,Guatemala,GAN2,,GAN2_income,1,2024,,,,,,1.0
EmissionActivityRatio,BAU,Guatemala,GAN2,,GAN2_income,1,2025,,,,,,1.0
EmissionActivityRatio,BAU,Guatemala,GAN2,,GAN2_income,1,2026,,,,,,1.0
EmissionActivityRatio,BAU,Guatemala,GAN2,,GAN2_income,1,2027,,,,,,1.0
EmissionActivityRatio,BAU,Guatemala,GAN2,,GAN2_income,1,2028,,,,,,1.0
EmissionActivityRatio,BAU,Guatemala,GAN2,,GAN2_income,1,2029,,,,,,1.0
EmissionActivityRatio,BAU,Guatemala,GAN2,,GAN2_income,1,2030,,,,,,1.0
EmissionActivityRatio,BAU,Guatemala,GAN2,,GAN2_income,1,2031,,,,,,1.0
EmissionActivityRatio,BAU,Guatemala,GAN2,,GAN2_income,1,2032,,,,,,1.0
EmissionActivityRatio,BAU,Guatemala,GAN2,,GAN2_income,1,2033,,,,,,1.0
EmissionActivityRatio,BAU,Guatemala,GAN2,,GAN2_income,1,2034,,,,,,1.0
EmissionActivityRatio,BAU,Guatemala,GAN2,,GAN2_income,1,2035,,,,,,1.0
EmissionActivityRatio,BAU,Guatemala,GAN2,,GAN2_income,1,2036,,,,,,1.0
EmissionActivityRatio,BAU,Guatemala,GAN2,,GAN2_income,1,2037,,,,,,1.0
EmissionActivityRatio,BAU,Guatemala,GAN2,,GAN2_income,1,2038,,,,,,1.0
EmissionActivityRatio,BAU,Guatemala,GAN2,,GAN2_income,1,2039,,,,,,1.0
EmissionActivityRatio,BAU,Guatemala,GAN2,,GAN2_income,1,2040,,,,,,1.0
EmissionActivityRatio,BAU,Guatemala,GAN2,,GAN2_income,1,2041,,,,,,1.0
EmissionActivityRatio,BAU,Guatemala,GAN2,,GAN2_income,1,2042,,,,,,1.0
EmissionActivityRatio,BAU,Guatemala,GAN2,,GAN2_income,1,2043,,,,,,1.0
EmissionActivityRatio,BAU,Guatemala,GAN2,,GAN2_income,1,2044,,,,,,1.0
EmissionActivityRatio,BAU,Guatemala,GAN2,,GAN2_income,1,2045,,,,,,1.0
EmissionActivityRatio,BAU,Guatemala,GAN2,,GAN2_income,1,2046,,,,,,1.0
EmissionActivityRatio,BAU,Guatemala,GAN2,,GAN2_income,1,2047,,,,,,1.0
EmissionActivityRatio,BAU,Guatemala,GAN2,,GAN2_income,1,2048,,,,,,1.0
EmissionActivityRatio,BAU,Guatemala,GAN2,,GAN2_income,1,2049,,,,,,1.0
EmissionActivityRatio,BAU,Guatemala,GAN2,,GAN2_income,1,2050,,,,,,1.0
EmissionActivityRatio,BAU,Guatemala,GAN3,,GAN3_income,1,2016,,,,,,1.0
EmissionActivityRatio,BAU,Guatemala,GAN3,,GAN3_income,1,2017,,,,,,1.0
EmissionActivityRatio,BAU,Guatemala,GAN3,,GAN3_income,1,2018,,,,,,1.0
EmissionActivityRatio,BAU,Guatemala,GAN3,,GAN3_income,1,2019,,,,,,1.0
EmissionActivityRatio,BAU,Guatemala,GAN3,,GAN3_income,1,2020,,,,,,1.0
EmissionActivityRatio,BAU,Guatemala,GAN3,,GAN3_income,1,2021,,,,,,1.0
EmissionActivityRatio,BAU,Guatemala,GAN3,,GAN3_income,1,2022,,,,,,1.0
EmissionActivityRatio,BAU,Guatemala,GAN3,,GAN3_income,1,2023,,,,,,1.0
EmissionActivityRatio,BAU,Guatemala,GAN3,,GAN3_income,1,2024,,,,,,1.0
EmissionActivityRatio,BAU,Guatemala,GAN3,,GAN3_income,1,2025,,,,,,1.0
EmissionActivityRatio,BAU,Guatemala,GAN3,,GAN3_income,1,2026,,,,,,1.0
EmissionActivityRatio,BAU,Guatemala,GAN3,,GAN3_income,1,2027,,,,,,1.0
EmissionActivityRatio,BAU,Guatemala,GAN3,,GAN3_income,1,2028,,,,,,1.0
EmissionActivityRatio,BAU,Guatemala,GAN3,,GAN3_income,1,2029,,,,,,1.0
EmissionActivityRatio,BAU,Guatemala,GAN3,,GAN3_income,1,2030,,,,,,1.0
EmissionActivityRatio,BAU,Guatemala,GAN3,,GAN3_income,1,2031,,,,,,1.0
EmissionActivityRatio,BAU,Guatemala,GAN3,,GAN3_income,1,2032,,,,,,1.0
EmissionActivityRatio,BAU,Guatemala,GAN3,,GAN3_income,1,2033,,,,,,1.0
EmissionActivityRatio,BAU,Guatemala,GAN3,,GAN3_income,1,2034,,,,,,1.0
EmissionActivityRatio,BAU,Guatemala,GAN3,,GAN3_income,1,2035,,,,,,1.0
EmissionActivityRatio,BAU,Guatemala,GAN3,,GAN3_income,1,2036,,,,,,1.0
EmissionActivityRatio,BAU,Guatemala,GAN3,,GAN3_income,1,2037,,,,,,1.0
EmissionActivityRatio,BAU,Guatemala,GAN3,,GAN3_income,1,2038,,,,,,1.0
EmissionActivityRatio,BAU,Guatemala,GAN3,,GAN3_income,1,2039,,,,,,1.0
EmissionActivityRatio,BAU,Guatemala,GAN3,,GAN3_income,1,2040,,,,,,1.0
EmissionActivityRatio,BAU,Guatemala,GAN3,,GAN3_income,1,2041,,,,,,1.0
EmissionActivityRatio,BAU,Guatemala,GAN3,,GAN3_income,1,2042,,,,,,1.0
EmissionActivityRatio,BAU,Guatemala,GAN3,,GAN3_income,1,2043,,,,,,1.0
EmissionActivityRatio,BAU,Guatemala,GAN3,,GAN3_income,1,2044,,,,,,1.0
EmissionActivityRatio,BAU,Guatemala,GAN3,,GAN3_income,1,2045,,,,,,1.0
EmissionActivityRatio,BAU,Guatemala,GAN3,,GAN3_income,1,2046,,,,,,1.0
EmissionActivityRatio,BAU,Guatemala,GAN3,,GAN3_income,1,2047,,,,,,1.0
EmissionActivityRatio,BAU,Guatemala,GAN3,,GAN3_income,1,2048,,,,,,1.0
EmissionActivityRatio,BAU,Guatemala,GAN3,,GAN3_income,1,2049,,,,,,1.0
EmissionActivityRatio,BAU,Guatemala,GAN3,,GAN3_income,1,2050,,,,,,1.0
EmissionActivityRatio,BAU,Guatemala,FOLU1,,FOLU1_income,1,2016,,,,,,1.0
EmissionActivityRatio,BAU,Guatemala,FOLU1,,FOLU1_income,1,2017,,,,,,1.0
EmissionActivityRatio,BAU,Guatemala,FOLU1,,FOLU1_income,1,2018,,,,,,1.0
EmissionActivityRatio,BAU,Guatemala,FOLU1,,FOLU1_income,1,2019,,,,,,1.0
EmissionActivityRatio,BAU,Guatemala,FOLU1,,FOLU1_income,1,2020,,,,,,1.0
EmissionActivityRatio,BAU,Guatemala,FOLU1,,FOLU1_income,1,2021,,,,,,1.0
EmissionActivityRatio,BAU,Guatemala,FOLU1,,FOLU1_income,1,2022,,,,,,1.0
EmissionActivityRatio,BAU,Guatemala,FOLU1,,FOLU1_income,1,2023,,,,,,1.0
EmissionActivityRatio,BAU,Guatemala,FOLU1,,FOLU1_income,1,2024,,,,,,1.0
EmissionActivityRatio,BAU,Guatemala,FOLU1,,FOLU1_income,1,2025,,,,,,1.0
EmissionActivityRatio,BAU,Guatemala,FOLU1,,FOLU1_income,1,2026,,,,,,1.0
EmissionActivityRatio,BAU,Guatemala,FOLU1,,FOLU1_income,1,2027,,,,,,1.0
EmissionActivityRatio,BAU,Guatemala,FOLU1,,FOLU1_income,1,2028,,,,,,1.0
EmissionActivityRatio,BAU,Guatemala,FOLU1,,FOLU1_income,1,2029,,,,,,1.0
EmissionActivityRatio,BAU,Guatemala,FOLU1,,FOLU1_income,1,2030,,,,,,1.0
EmissionActivityRatio,BAU,Guatemala,FOLU1,,FOLU1_income,1,2031,,,,,,1.0
EmissionActivityRatio,BAU,Guatemala,FOLU1,,FOLU1_income,1,2032,,,,,,1.0
EmissionActivityRatio,BAU,Guatemala,FOLU1,,FOLU1_income,1,2033,,,,,,1.0
EmissionActivityRatio,BAU,Guatemala,FOLU1,,FOLU1_income,1,2034,,,,,,1.0
EmissionActivityRatio,BAU,Guatemala,FOLU1,,FOLU1_income,1,2035,,,,,,1.0
EmissionActivityRatio,BAU,Guatemala,FOLU1,,FOLU1_income,1,2036,,,,,,1.0
EmissionActivityRatio,BAU,Guatemala,FOLU1,,FOLU1_income,1,2037,,,,,,1.0
EmissionActivityRatio,BAU,Guatemala,FOLU1,,FOLU1_income,1,2038,,,,,,1.0
EmissionActivityRatio,BAU,Guatemala,FOLU1,,FOLU1_income,1,2039,,,,,,1.0
EmissionActivityRatio,BAU,Guatemala,FOLU1,,FOLU1_income,1,2040,,,,,,1.0
EmissionActivityRatio,BAU,Guatemala,FOLU1,,FOLU1_income,1,2041,,,,,,1.0
EmissionActivityRatio,BAU,Guatemala,FOLU1,,FOLU1_income,1,2042,,,,,,1.0
EmissionActivityRatio,BAU,Guatemala,FOLU1,,FOLU1_income,1,2043,,,,,,1.0
EmissionActivityRatio,BAU,Guatemala,FOLU1,,FOLU1_income,1,2044,,,,,,1.0
EmissionActivityRatio,BAU,Guatemala,FOLU1,,FOLU1_income,1,2045,,,,,,1.0
EmissionActivityRatio,BAU,Guatemala,FOLU1,,FOLU1_income,1,2046,,,,,,1.0
EmissionActivityRatio,BAU,Guatemala,FOLU1,,FOLU1_income,1,2047,,,,,,1.0
EmissionActivityRatio,BAU,Guatemala,FOLU1,,FOLU1_income,1,2048,,,,,,1.0
EmissionActivityRatio,BAU,Guatemala,FOLU1,,FOLU1_income,1,2049,,,,,,1.0
EmissionActivityRatio,BAU,Guatemala,FOLU1,,FOLU1_income,1,2050,,,,,,1.0
EmissionActivityRatio,BAU,Guatemala,FOLU2,,FOLU2_income,1,2016,,,,,,1.0
EmissionActivityRatio,BAU,Guatemala,FOLU2,,FOLU2_income,1,2017,,,,,,1.0
EmissionActivityRatio,BAU,Guatemala,FOLU2,,FOLU2_income,1,2018,,,,,,1.0
EmissionActivityRatio,BAU,Guatemala,FOLU2,,FOLU2_income,1,2019,,,,,,1.0
EmissionActivityRatio,BAU,Guatemala,FOLU2,,FOLU2_income,1,2020,,,,,,1.0
EmissionActivityRatio,BAU,Guatemala,FOLU2,,FOLU2_income,1,2021,,,,,,1.0
EmissionActivityRatio,BAU,Guatemala,FOLU2,,FOLU2_income,1,2022,,,,,,1.0
EmissionActivityRatio,BAU,Guatemala,FOLU2,,FOLU2_income,1,2023,,,,,,1.0
EmissionActivityRatio,BAU,Guatemala,FOLU2,,FOLU2_income,1,2024,,,,,,1.0
EmissionActivityRatio,BAU,Guatemala,FOLU2,,FOLU2_income,1,2025,,,,,,1.0
EmissionActivityRatio,BAU,Guatemala,FOLU2,,FOLU2_income,1,2026,,,,,,1.0
EmissionActivityRatio,BAU,Guatemala,FOLU2,,FOLU2_income,1,2027,,,,,,1.0
EmissionActivityRatio,BAU,Guatemala,FOLU2,,FOLU2_income,1,2028,,,,,,1.0
EmissionActivityRatio,BAU,Guatemala,FOLU2,,FOLU2_income,1,2029,,,,,,1.0
EmissionActivityRatio,BAU,Guatemala,FOLU2,,FOLU2_income,1,2030,,,,,,1.0
EmissionActivityRatio,BAU,Guatemala,FOLU2,,FOLU2_income,1,2031,,,,,,1.0
EmissionActivityRatio,BAU,Guatemala,FOLU2,,FOLU2_income,1,2032,,,,,,1.0
EmissionActivityRatio,BAU,Guatemala,FOLU2,,FOLU2_income,1,2033,,,,,,1.0
EmissionActivityRatio,BAU,Guatemala,FOLU2,,FOLU2_income,1,2034,,,,,,1.0
EmissionActivityRatio,BAU,Guatemala,FOLU2,,FOLU2_income,1,2035,,,,,,1.0
EmissionActivityRatio,BAU,Guatemala,FOLU2,,FOLU2_income,1,2036,,,,,,1.0
EmissionActivityRatio,BAU,Guatemala,FOLU2,,FOLU2_income,1,2037,,,,,,1.0
EmissionActivityRatio,BAU,Guatemala,FOLU2,,FOLU2_income,1,2038,,,,,,1.0
EmissionActivityRatio,BAU,Guatemala,FOLU2,,FOLU2_income,1,2039,,,,,,1.0
EmissionActivityRatio,BAU,Guatemala,FOLU2,,FOLU2_income,1,2040,,,,,,1.0
EmissionActivityRatio,BAU,Guatemala,FOLU2,,FOLU2_income,1,2041,,,,,,1.0
EmissionActivityRatio,BAU,Guatemala,FOLU2,,FOLU2_income,1,2042,,,,,,1.0
EmissionActivityRatio,BAU,Guatemala,FOLU2,,FOLU2_income,1,2043,,,,,,1.0
EmissionActivityRatio,BAU,Guatemala,FOLU2,,FOLU2_income,1,2044,,,,,,1.0
EmissionActivityRatio,BAU,Guatemala,FOLU2,,FOLU2_income,1,2045,,,,,,1.0
EmissionActivityRatio,BAU,Guatemala,FOLU2,,FOLU2_income,1,2046,,,,,,1.0
EmissionActivityRatio,BAU,Guatemala,FOLU2,,FOLU2_income,1,2047,,,,,,1.0
EmissionActivityRatio,BAU,Guatemala,FOLU2,,FOLU2_income,1,2048,,,,,,1.0
EmissionActivityRatio,BAU,Guatemala,FOLU2,,FOLU2_income,1,2049,,,,,,1.0
EmissionActivityRatio,BAU,Guatemala,FOLU2,,FOLU2_income,1,2050,,,,,,1.0
EmissionActivityRatio,BAU,Guatemala,FOLU3,,FOLU3_income,1,2016,,,,,,1.0
EmissionActivityRatio,BAU,Guatemala,FOLU3,,FOLU3_income,1,2017,,,,,,1.0
EmissionActivityRatio,BAU,Guatemala,FOLU3,,FOLU3_income,1,2018,,,,,,1.0
EmissionActivityRatio,BAU,Guatemala,FOLU3,,FOLU3_income,1,2019,,,,,,1.0
EmissionActivityRatio,BAU,Guatemala,FOLU3,,FOLU3_income,1,2020,,,,,,1.0
EmissionActivityRatio,BAU,Guatemala,FOLU3,,FOLU3_income,1,2021,,,,,,1.0
EmissionActivityRatio,BAU,Guatemala,FOLU3,,FOLU3_income,1,2022,,,,,,1.0
EmissionActivityRatio,BAU,Guatemala,FOLU3,,FOLU3_income,1,2023,,,,,,1.0
EmissionActivityRatio,BAU,Guatemala,FOLU3,,FOLU3_income,1,2024,,,,,,1.0
EmissionActivityRatio,BAU,Guatemala,FOLU3,,FOLU3_income,1,2025,,,,,,1.0
EmissionActivityRatio,BAU,Guatemala,FOLU3,,FOLU3_income,1,2026,,,,,,1.0
EmissionActivityRatio,BAU,Guatemala,FOLU3,,FOLU3_income,1,2027,,,,,,1.0
EmissionActivityRatio,BAU,Guatemala,FOLU3,,FOLU3_income,1,2028,,,,,,1.0
EmissionActivityRatio,BAU,Guatemala,FOLU3,,FOLU3_income,1,2029,,,,,,1.0
EmissionActivityRatio,BAU,Guatemala,FOLU3,,FOLU3_income,1,2030,,,,,,1.0
EmissionActivityRatio,BAU,Guatemala,FOLU3,,FOLU3_income,1,2031,,,,,,1.0
EmissionActivityRatio,BAU,Guatemala,FOLU3,,FOLU3_income,1,2032,,,,,,1.0
EmissionActivityRatio,BAU,Guatemala,FOLU3,,FOLU3_income,1,2033,,,,,,1.0
EmissionActivityRatio,BAU,Guatemala,FOLU3,,FOLU3_income,1,2034,,,,,,1.0
EmissionActivityRatio,BAU,Guatemala,FOLU3,,FOLU3_income,1,2035,,,,,,1.0
EmissionActivityRatio,BAU,Guatemala,FOLU3,,FOLU3_income,1,2036,,,,,,1.0
EmissionActivityRatio,BAU,Guatemala,FOLU3,,FOLU3_income,1,2037,,,,,,1.0
EmissionActivityRatio,BAU,Guatemala,FOLU3,,FOLU3_income,1,2038,,,,,,1.0
EmissionActivityRatio,BAU,Guatemala,FOLU3,,FOLU3_income,1,2039,,,,,,1.0
EmissionActivityRatio,BAU,Guatemala,FOLU3,,FOLU3_income,1,2040,,,,,,1.0
EmissionActivityRatio,BAU,Guatemala,FOLU3,,FOLU3_income,1,2041,,,,,,1.0
EmissionActivityRatio,BAU,Guatemala,FOLU3,,FOLU3_income,1,2042,,,,,,1.0
EmissionActivityRatio,BAU,Guatemala,FOLU3,,FOLU3_income,1,2043,,,,,,1.0
EmissionActivityRatio,BAU,Guatemala,FOLU3,,FOLU3_income,1,2044,,,,,,1.0
EmissionActivityRatio,BAU,Guatemala,FOLU3,,FOLU3_income,1,2045,,,,,,1.0
EmissionActivityRatio,BAU,Guatemala,FOLU3,,FOLU3_income,1,2046,,,,,,1.0
EmissionActivityRatio,BAU,Guatemala,FOLU3,,FOLU3_income,1,2047,,,,,,1.0
EmissionActivityRatio,BAU,Guatemala,FOLU3,,FOLU3_income,1,2048,,,,,,1.0
EmissionActivityRatio,BAU,Guatemala,FOLU3,,FOLU3_income,1,2049,,,,,,1.0
EmissionActivityRatio,BAU,Guatemala,FOLU3,,FOLU3_income,1,2050,,,,,,1.0
EmissionActivityRatio,BAU,Guatemala,FOLU4,,FOLU4_income,1,2016,,,,,,1.0
EmissionActivityRatio,BAU,Guatemala,FOLU4,,FOLU4_income,1,2017,,,,,,1.0
EmissionActivityRatio,BAU,Guatemala,FOLU4,,FOLU4_income,1,2018,,,,,,1.0
EmissionActivityRatio,BAU,Guatemala,FOLU4,,FOLU4_income,1,2019,,,,,,1.0
EmissionActivityRatio,BAU,Guatemala,FOLU4,,FOLU4_income,1,2020,,,,,,1.0
EmissionActivityRatio,BAU,Guatemala,FOLU4,,FOLU4_income,1,2021,,,,,,1.0
EmissionActivityRatio,BAU,Guatemala,FOLU4,,FOLU4_income,1,2022,,,,,,1.0
EmissionActivityRatio,BAU,Guatemala,FOLU4,,FOLU4_income,1,2023,,,,,,1.0
EmissionActivityRatio,BAU,Guatemala,FOLU4,,FOLU4_income,1,2024,,,,,,1.0
EmissionActivityRatio,BAU,Guatemala,FOLU4,,FOLU4_income,1,2025,,,,,,1.0
EmissionActivityRatio,BAU,Guatemala,FOLU4,,FOLU4_income,1,2026,,,,,,1.0
EmissionActivityRatio,BAU,Guatemala,FOLU4,,FOLU4_income,1,2027,,,,,,1.0
EmissionActivityRatio,BAU,Guatemala,FOLU4,,FOLU4_income,1,2028,,,,,,1.0
EmissionActivityRatio,BAU,Guatemala,FOLU4,,FOLU4_income,1,2029,,,,,,1.0
EmissionActivityRatio,BAU,Guatemala,FOLU4,,FOLU4_income,1,2030,,,,,,1.0
EmissionActivityRatio,BAU,Guatemala,FOLU4,,FOLU4_income,1,2031,,,,,,1.0
EmissionActivityRatio,BAU,Guatemala,FOLU4,,FOLU4_income,1,2032,,,,,,1.0
EmissionActivityRatio,BAU,Guatemala,FOLU4,,FOLU4_income,1,2033,,,,,,1.0
EmissionActivityRatio,BAU,Guatemala,FOLU4,,FOLU4_income,1,2034,,,,,,1.0
EmissionActivityRatio,BAU,Guatemala,FOLU4,,FOLU4_income,1,2035,,,,,,1.0
EmissionActivityRatio,BAU,Guatemala,FOLU4,,FOLU4_income,1,2036,,,,,,1.0
EmissionActivityRatio,BAU,Guatemala,FOLU4,,FOLU4_income,1,2037,,,,,,1.0
EmissionActivityRatio,BAU,Guatemala,FOLU4,,FOLU4_income,1,2038,,,,,,1.0
EmissionActivityRatio,BAU,Guatemala,FOLU4,,FOLU4_income,1,2039,,,,,,1.0
EmissionActivityRatio,BAU,Guatemala,FOLU4,,FOLU4_income,1,2040,,,,,,1.0
EmissionActivityRatio,BAU,Guatemala,FOLU4,,FOLU4_income,1,2041,,,,,,1.0
EmissionActivityRatio,BAU,Guatemala,FOLU4,,FOLU4_income,1,2042,,,,,,1.0
EmissionActivityRatio,BAU,Guatemala,FOLU4,,FOLU4_income,1,2043,,,,,,1.0
EmissionActivityRatio,BAU,Guatemala,FOLU4,,FOLU4_income,1,2044,,,,,,1.0
EmissionActivityRatio,BAU,Guatemala,FOLU4,,FOLU4_income,1,2045,,,,,,1.0
EmissionActivityRatio,BAU,Guatemala,FOLU4,,FOLU4_income,1,2046,,,,,,1.0
EmissionActivityRatio,BAU,Guatemala,FOLU4,,FOLU4_income,1,2047,,,,,,1.0
EmissionActivityRatio,BAU,Guatemala,FOLU4,,FOLU4_income,1,2048,,,,,,1.0
EmissionActivityRatio,BAU,Guatemala,FOLU4,,FOLU4_income,1,2049,,,,,,1.0
EmissionActivityRatio,BAU,Guatemala,FOLU4,,FOLU4_income,1,2050,,,,,,1.0
EmissionActivityRatio,BAU,Guatemala,NUEVAFOLU,,NUEVAFOLU_income,1,2016,,,,,,1.0
EmissionActivityRatio,BAU,Guatemala,NUEVAFOLU,,NUEVAFOLU_income,1,2017,,,,,,1.0
EmissionActivityRatio,BAU,Guatemala,NUEVAFOLU,,NUEVAFOLU_income,1,2018,,,,,,1.0
EmissionActivityRatio,BAU,Guatemala,NUEVAFOLU,,NUEVAFOLU_income,1,2019,,,,,,1.0
EmissionActivityRatio,BAU,Guatemala,NUEVAFOLU,,NUEVAFOLU_income,1,2020,,,,,,1.0
EmissionActivityRatio,BAU,Guatemala,NUEVAFOLU,,NUEVAFOLU_income,1,2021,,,,,,1.0
EmissionActivityRatio,BAU,Guatemala,NUEVAFOLU,,NUEVAFOLU_income,1,2022,,,,,,1.0
EmissionActivityRatio,BAU,Guatemala,NUEVAFOLU,,NUEVAFOLU_income,1,2023,,,,,,1.0
EmissionActivityRatio,BAU,Guatemala,NUEVAFOLU,,NUEVAFOLU_income,1,2024,,,,,,1.0
EmissionActivityRatio,BAU,Guatemala,NUEVAFOLU,,NUEVAFOLU_income,1,2025,,,,,,1.0
EmissionActivityRatio,BAU,Guatemala,NUEVAFOLU,,NUEVAFOLU_income,1,2026,,,,,,1.0
EmissionActivityRatio,BAU,Guatemala,NUEVAFOLU,,NUEVAFOLU_income,1,2027,,,,,,1.0
EmissionActivityRatio,BAU,Guatemala,NUEVAFOLU,,NUEVAFOLU_income,1,2028,,,,,,1.0
EmissionActivityRatio,BAU,Guatemala,NUEVAFOLU,,NUEVAFOLU_income,1,2029,,,,,,1.0
EmissionActivityRatio,BAU,Guatemala,NUEVAFOLU,,NUEVAFOLU_income,1,2030,,,,,,1.0
EmissionActivityRatio,BAU,Guatemala,NUEVAFOLU,,NUEVAFOLU_income,1,2031,,,,,,1.0
EmissionActivityRatio,BAU,Guatemala,NUEVAFOLU,,NUEVAFOLU_income,1,2032,,,,,,1.0
EmissionActivityRatio,BAU,Guatemala,NUEVAFOLU,,NUEVAFOLU_income,1,2033,,,,,,1.0
EmissionActivityRatio,BAU,Guatemala,NUEVAFOLU,,NUEVAFOLU_income,1,2034,,,,,,1.0
EmissionActivityRatio,BAU,Guatemala,NUEVAFOLU,,NUEVAFOLU_income,1,2035,,,,,,1.0
EmissionActivityRatio,BAU,Guatemala,NUEVAFOLU,,NUEVAFOLU_income,1,2036,,,,,,1.0
EmissionActivityRatio,BAU,Guatemala,NUEVAFOLU,,NUEVAFOLU_income,1,2037,,,,,,1.0
EmissionActivityRatio,BAU,Guatemala,NUEVAFOLU,,NUEVAFOLU_income,1,2038,,,,,,1.0
EmissionActivityRatio,BAU,Guatemala,NUEVAFOLU,,NUEVAFOLU_income,1,2039,,,,,,1.0
EmissionActivityRatio,BAU,Guatemala,NUEVAFOLU,,NUEVAFOLU_income,1,2040,,,,,,1.0
EmissionActivityRatio,BAU,Guatemala,NUEVAFOLU,,NUEVAFOLU_income,1,2041,,,,,,1.0
EmissionActivityRatio,BAU,Guatemala,NUEVAFOLU,,NUEVAFOLU_income,1,2042,,,,,,1.0
EmissionActivityRatio,BAU,Guatemala,NUEVAFOLU,,NUEVAFOLU_income,1,2043,,,,,,1.0
EmissionActivityRatio,BAU,Guatemala,NUEVAFOLU,,NUEVAFOLU_income,1,2044,,,,,,1.0
EmissionActivityRatio,BAU,Guatemala,NUEVAFOLU,,NUEVAFOLU_income,1,2045,,,,,,1.0
EmissionActivityRatio,BAU,Guatemala,NUEVAFOLU,,NUEVAFOLU_income,1,2046,,,,,,1.0
EmissionActivityRatio,BAU,Guatemala,NUEVAFOLU,,NUEVAFOLU_income,1,2047,,,,,,1.0
EmissionActivityRatio,BAU,Guatemala,NUEVAFOLU,,NUEVAFOLU_income,1,2048,,,,,,1.0
EmissionActivityRatio,BAU,Guatemala,NUEVAFOLU,,NUEVAFOLU_income,1,2049,,,,,,1.0
EmissionActivityRatio,BAU,Guatemala,NUEVAFOLU,,NUEVAFOLU_income,1,2050,,,,,,1.0
